ID,Age,Salary,Height,Weight
1,56,35287,1.7608650233181065,88.17667848528117
2,46,64387,1.6713267440604578,56.17411926529095
3,32,38512,1.7661224944131495,92.4814139103851
4,60,31342,1.5628707559033244,60.610900500891596
5,25,93076,1.5663573269096387,52.16563513119394
6,38,49216,1.5717711810196964,117.95195075740737
7,56,109767,1.969909895963421,104.14772240741948
8,36,56614,1.8664494591706708,118.60762946896368
9,40,66258,1.5811909473311605,83.45149136155698
10,28,72078,1.5941745418828006,87.25802718042833
11,28,113524,1.8654147374354382,61.78358691433912
12,41,42219,1.578081922396087,67.28351986673098
13,53,30235,1.6172806466674143,108.69844504319798
14,57,72929,1.9816734164101995,74.93299529823159
15,41,97444,1.627653262364216,107.87704816574933
16,20,38567,1.8308161751855734,99.63096070009223
17,39,100792,1.9893156437002653,62.401964769030585
18,19,95441,1.6871483835698964,85.52124562838195
19,41,114555,1.508757995431031,97.41711250631018
20,61,103698,1.622073645211187,66.45260503626776
21,47,35415,1.9154385956708526,108.14819573640538
22,55,66159,1.9323044179775184,88.13793602816308
23,19,73925,1.8842596822618956,61.56694353098222
24,38,35951,1.5565549095382865,90.80890983152217
25,50,117388,1.8977551858482016,119.97996629091398
26,29,38007,1.9593388984967521,60.53650441643895
27,39,71832,1.800304771273118,107.17298510836697
28,61,88596,1.9704376781690325,64.51163022312906
29,42,60523,1.9134194418559387,104.76718306220612
30,44,118861,1.8334857584954536,101.42045461849892
31,59,116740,1.788592618355874,71.03425699203027
32,45,45524,1.6742868336209853,72.80761822951149
33,33,49282,1.5796437226214026,105.47649743740435
34,32,53930,1.8024769613452705,82.30118583211188
35,64,30077,1.6590557768090597,101.15726200982661
36,61,50611,1.9332193337638226,60.358890315608434
37,20,46984,1.9966684686793141,109.67904473310874
38,54,44060,1.8762138813077862,99.76193016776234
39,24,112985,1.5452408476435253,113.48599661843838
40,38,114056,1.644342797765319,59.26606653244807
41,26,73303,1.5545548158828748,91.51101502524183
42,56,89207,1.8252558238958578,91.93844095282276
43,35,105046,1.8825954322778924,74.74225183827477
44,21,59287,1.9628374154403558,82.09264971984804
45,42,69711,1.7190861732059939,52.65870943028974
46,31,41954,1.950687824794222,102.21020270389084
47,26,103340,1.9389455795206638,88.45257355822218
48,43,102101,1.6585978583826992,54.04187363084216
49,19,101520,1.9344503127702855,97.65291250723399
50,37,117062,1.6878361259408632,82.67474540618315
51,45,48574,1.6484346372801404,52.41228815975
52,64,39184,1.8245373293971965,117.87254087936668
53,24,49096,1.6641906139425404,116.43785001626084
54,61,97728,1.815104374164572,85.90316913030382
55,25,64016,1.8049159027493473,56.55706944941372
56,64,41246,1.7817194636742295,102.82348551190142
57,52,75558,1.6902098521163988,84.43517700740104
58,31,48381,1.7742498608257384,71.17132348025659
59,34,66455,1.7982427374927108,84.39927242699898
60,53,34018,1.7728434442477368,86.57109017838252
61,57,41302,1.7222097263756009,89.38981893156374
62,21,97506,1.507333528523132,80.88565995587285
63,19,71157,1.7935308538505754,92.40287121973397
64,23,84917,1.5842221925713598,114.31142974244642
65,59,113122,1.8212879844735947,75.35876609690138
66,21,54519,1.879672163961433,100.80015242539643
67,46,117487,1.7502226545653707,112.61167897769626
68,35,86819,1.7711818324898692,81.91854930319559
69,43,110910,1.9757392798329956,81.04190854673328
70,61,101324,1.9235836806862872,92.14818897483457
71,51,35408,1.957118257975735,91.39847315957417
72,27,89379,1.906883144159793,106.4612539628394
73,53,55053,1.5544591709233657,83.35383686448048
74,31,39446,1.5744959279850974,119.72860647476088
75,48,30922,1.7633118986344798,54.163009820709654
76,32,81356,1.6230348293989991,50.221749400649124
77,25,40789,1.7383477375205796,94.81388180917367
78,31,96656,1.6971826619091752,70.89044386533136
79,40,74028,1.7747071192152266,66.82676720896387
80,57,94484,1.8734378580679114,71.83293560029963
81,38,62154,1.8577454535496372,67.9233295573468
82,33,112870,1.7606170662426672,52.15530347623135
83,62,32336,1.9111967094085291,118.0073129673412
84,35,97779,1.7154310457690167,65.45218419169473
85,64,49029,1.9483571449200612,101.38208338125145
86,41,89201,1.535640135027582,103.38174762859227
87,43,62265,1.9773300150166537,115.04801786050605
88,42,73872,1.8273465407156742,52.1384619965366
89,62,76197,1.6900372544686026,111.04338369129054
90,58,85180,1.5985770632864387,86.90583265878601
91,46,53710,1.7395916147218,94.27808769760796
92,32,59486,1.5972791615926505,95.11291939847236
93,62,101907,1.583165803871571,107.38584634893093
94,18,101895,1.8086758787064872,73.33851255113774
95,42,94435,1.7615423622908923,101.31358329019953
96,24,70631,1.8350480173054708,87.0004676805538
97,26,50103,1.9648029387109947,105.53758100137433
98,41,94772,1.76613010666952,119.33822229390934
99,18,44382,1.7904660266313988,64.04557121826329
100,61,114291,1.5448131695774712,119.62540490919986
101,25,33756,1.8588178929543147,56.28685079979418
102,41,50609,1.6999526034020782,50.16222835333697
103,28,46478,1.9883626193312893,53.09133553244819
104,34,69666,1.91158700779783,73.92476833157332
105,25,105683,1.7612405202580592,94.30344314749038
106,52,101315,1.561611327086083,54.83206786214947
107,52,107834,1.9297078966402945,50.39660701706971
108,50,44153,1.899890547712011,115.59637199211564
109,22,106325,1.5922925647685164,107.53486451579508
110,59,42999,1.647639144610155,106.64282197973218
111,56,85318,1.8967036290739188,111.9096992851384
112,58,30814,1.5926142232737048,99.0023990940473
113,45,106077,1.9588762445856887,57.308289082365704
114,24,32443,1.712263712598181,77.93701316516061
115,26,105993,1.5435194812938293,100.62046405252407
116,25,105916,1.9078743217521406,69.62341225540646
117,29,103319,1.6867548415191937,98.11844548953663
118,51,47368,1.7632495970768904,51.714891378735665
119,50,45328,1.5561521722056095,71.42961386157153
120,40,86942,1.5012920074224911,88.43912353940209
121,41,57306,1.8189926028966488,94.24628806543696
122,54,115451,1.7575875851668659,90.39284651233376
123,52,69915,1.7967692845615737,98.84293932514007
124,61,67219,1.8968719251902582,50.42621237678873
125,57,110879,1.82330295671143,57.06588399842651
126,39,94644,1.5873867214136885,110.82609765954015
127,44,90279,1.6803862595552999,97.72240508631128
128,52,83028,1.9529455523938801,57.90521498802079
129,18,30126,1.8849723501258395,108.94521061790054
130,52,82329,1.7783185289683585,66.95618524771969
131,54,57632,1.6278224989046362,83.47819189366564
132,64,95310,1.6510302509173975,60.16375590192622
133,31,85176,1.8659790337928173,99.70770394951947
134,20,116066,1.9255871304263854,96.67980947099875
135,18,74327,1.8357123347653073,64.77787298162953
136,22,98904,1.9047649878842208,110.43805367999013
137,43,33797,1.8833280676002029,78.09142169537985
138,31,77882,1.574851983978479,70.47605637495192
139,56,43718,1.711972406456651,60.663071262517484
140,44,64560,1.5764919004142812,68.63176087608763
141,26,106589,1.6176177924009925,51.54188448566719
142,32,52116,1.9346298123255263,90.82802447192809
143,32,66244,1.736445982816591,108.95615224407635
144,43,31645,1.7676790509213305,88.42863146091493
145,59,77523,1.5892229826138862,65.3491773346713
146,30,49256,1.656135893024398,52.35684247497109
147,49,83173,1.615123084213935,65.0239651281162
148,56,67430,1.603093082259213,79.12849996497646
149,49,69282,1.818980396657985,103.17280000898576
150,21,93374,1.6284419238228574,63.148999677644184
151,47,98244,1.8160077430102093,100.38540173482802
152,54,41694,1.529227307054277,110.68534278463186
153,40,86264,1.570887196763551,81.77627936758499
154,56,105060,1.6372701270000627,107.50023941498154
155,62,87545,1.7985234584478458,88.82601436245669
156,32,69224,1.837920622543688,94.59635859566335
157,60,43224,1.7213584833897635,86.83949222367418
158,46,70738,1.7228954572886144,82.42209017259393
159,53,55150,1.862258425699309,66.42574092430945
160,30,93731,1.5079105458827913,71.22358416227323
161,49,79688,1.6705450122371102,70.29790832605264
162,24,103509,1.9093535285596164,89.43022516676703
163,39,38577,1.8016097051066862,58.396758511672296
164,45,38070,1.6686135663777102,114.17541834916346
165,19,38666,1.9527623961648368,100.44586016981793
166,59,87761,1.8863113637246913,78.10119416392355
167,62,66368,1.6324477236183668,61.10369011684646
168,23,36783,1.8226449187628584,111.73945188051451
169,45,71914,1.7978753640944785,107.66446630708157
170,45,100507,1.7005939570194912,100.52050869020255
171,61,109026,1.6834780396024003,69.00829331878697
172,61,97526,1.671780237387852,78.17126462035682
173,37,100835,1.8085778916978235,57.19237767166963
174,47,75765,1.7212049682403348,63.23276673092722
175,28,49956,1.915931556625711,104.8111646121713
176,45,117895,1.834801308066981,100.05271031954787
177,42,76240,1.534965802854717,91.54400340831543
178,56,67148,1.820084111914083,112.7008708148321
179,50,34757,1.6355737182500925,90.82865624691318
180,18,49097,1.7964059958267113,82.68775999745274
181,44,40395,1.8400659655517257,73.82595224140339
182,30,46241,1.615414594577006,115.83139540153208
183,58,57696,1.7284293224401843,55.79008230670475
184,20,100480,1.5951624314095338,115.16211604425659
185,56,76163,1.5261694378932542,107.87002619517128
186,23,49816,1.6892382117429345,59.09509471749909
187,25,79840,1.681472135922996,89.54890503726774
188,44,82853,1.9977402453521285,110.65835872243608
189,26,54917,1.723176175598821,90.02664145250075
190,54,51566,1.6667847747361002,113.50398750924356
191,50,105452,1.7902375033583373,116.00886717712298
192,59,92823,1.5443836970538842,79.56691655290142
193,61,50806,1.9808328679774065,76.41195629844265
194,41,105520,1.8174800227955166,115.54248077784098
195,32,31759,1.877418909970424,97.25980428047677
196,49,71949,1.5852389690869588,58.12158769437185
197,49,32482,1.704738926502602,52.96042244558768
198,41,54442,1.7113445566980947,89.52403356980842
199,58,63719,1.9109032219505435,115.11196758068972
200,29,88066,1.5006183398797046,109.09740916840728
201,56,32079,1.6504265541766276,97.30934225250355
202,19,32717,1.990618187172152,59.73810942237613
203,20,89676,1.7374432717531092,67.79619686240869
204,54,57952,1.6912631401220042,111.28578585868313
205,34,116444,1.5599145010088231,62.79650656598303
206,19,72460,1.9870823143140077,69.49075857753041
207,19,102847,1.5100131779629122,59.07204558368094
208,45,119106,1.8685901125036215,97.32757619900877
209,40,48449,1.8842999023942542,116.07876137542468
210,54,63536,1.6218283580319333,68.82776221167701
211,49,94077,1.8357792218065185,83.27846254950516
212,50,68258,1.546464572189695,94.4037817797843
213,18,78302,1.62852363321604,119.96263737509415
214,36,58865,1.8939509941461325,57.33656454983005
215,19,36645,1.93234309601677,84.89995596539964
216,61,68000,1.8042432063298957,76.958408393175
217,43,56737,1.7534192159102413,110.60741156556486
218,49,41485,1.5796520103094902,83.3177411708159
219,23,68565,1.531554516539575,57.76842672096036
220,49,55522,1.5588245142367794,94.40969017006086
221,21,95155,1.6136786500480493,103.95464327847158
222,28,85168,1.6708372509484604,50.20168761659302
223,34,82487,1.6904547627554936,110.12696797944406
224,55,42342,1.6731608842945018,63.02161000039659
225,41,70806,1.6195276660986329,88.64485552573645
226,22,78770,1.754862123375849,79.10582504812152
227,51,108623,1.9126430541164483,100.37576716273713
228,23,105629,1.6398517692357397,75.98131303500193
229,39,82603,1.9711935095511166,110.88342236771976
230,28,111974,1.936668330861924,101.13474526711532
231,33,56399,1.580882105676055,95.3399219744045
232,50,115382,1.8931379783785474,105.7368416893998
233,26,111244,1.7872936911588833,102.78161244498676
234,23,106534,1.7832876810857092,52.51570724450873
235,33,85106,1.6955213815290873,77.63140476913797
236,46,60678,1.750576499591005,115.15651081215428
237,20,106218,1.6985893887146055,58.80069882945583
238,37,93230,1.7698663093799714,101.59675853024359
239,53,104055,1.813975026386318,118.22142679347307
240,36,86373,1.8371519032045243,53.65390403314802
241,43,61480,1.766240596279713,97.75357164386273
242,20,115230,1.8607110336643657,82.77078989107213
243,36,98836,1.5706390246377528,90.54226787623055
244,37,102258,1.6059912454511194,55.97389355390274
245,49,69986,1.909367502037135,53.01048663068576
246,24,54160,1.6612639889232077,96.68066623856451
247,58,115595,1.51144691248806,107.63166008745026
248,50,109111,1.5768955748340154,104.7410734453077
249,57,94929,1.6118072172481557,88.06640095063662
250,56,103506,1.9786614439472936,56.99067747953247
251,35,64911,1.7865207144654247,98.16311106852096
252,57,117127,1.9663653702381274,66.93222184879022
253,18,61821,1.7875816752483125,113.77480919371685
254,28,105039,1.739677220068926,108.67857516819934
255,45,90535,1.656863845597048,99.65680769611737
256,42,114458,1.8031854722166878,116.41921690817912
257,40,42175,1.5695990123087649,52.199527505789106
258,48,84771,1.949130813646353,101.53402975425334
259,47,116925,1.9146662025706418,73.11699455354838
260,59,96358,1.6587657239383686,113.42461199804556
261,52,47327,1.9763987638006473,68.66726376633844
262,24,77057,1.912600383707784,100.73995495205119
263,33,36150,1.8331534429175198,111.4352913755547
264,43,34425,1.5608809555626375,52.91597728678777
265,19,46032,1.7391170115240362,77.83533057144253
266,18,32198,1.7530537774233754,103.3616322415357
267,29,90500,1.61627567918269,81.84432226553109
268,22,83394,1.539982697179651,68.70768408555168
269,54,50079,1.8883618152358463,65.3863744176233
270,49,66220,1.5610175260621975,59.206278684146454
271,26,71874,1.7971453752808872,109.99906918993976
272,58,43859,1.9682245869418302,90.27487822760892
273,52,80460,1.9380525962990212,55.346946149401916
274,36,61419,1.6388763118746306,76.78062264994448
275,33,38705,1.9257243187756328,75.74135555635769
276,20,72880,1.5001662530602446,62.72174334966241
277,37,53236,1.5088439048066287,80.48553378305334
278,41,117955,1.8012765819214325,73.24695557751956
279,50,115514,1.6823991095722648,73.92625938445278
280,41,45358,1.6932304205795736,101.73185904515711
281,28,106918,1.7822205453394413,65.62843698536375
282,25,44596,1.5958912277959303,94.93019711987488
283,53,63572,1.605877675332739,89.94547367166544
284,55,108757,1.7423007935094323,89.76647586365071
285,57,31279,1.8771267721719316,96.41051422992432
286,37,93197,1.8097488757037938,88.38674253369578
287,52,92516,1.6486775241184195,111.54785803924692
288,42,37083,1.7151685887544605,97.29060643651819
289,52,47771,1.5853323792749991,88.28742759599717
290,42,59975,1.5373149071685408,108.08341842013515
291,46,75648,1.8913480203720745,92.43025954534359
292,35,78285,1.6326937045940972,70.38009734496254
293,63,49063,1.588883193925624,64.49664427235999
294,35,97642,1.8458090277846597,60.662944996387516
295,19,116143,1.809025837143593,112.96186487822712
296,52,67599,1.816594813006732,99.70948022586461
297,33,81920,1.6144473024233068,115.61649067150245
298,58,58529,1.6163227692813404,92.23042640004601
299,53,65954,1.6104013148928196,83.13806170464387
300,50,57856,1.5868762978311473,54.180154227962255
301,21,32573,1.827861836280828,97.01495970822208
302,50,108344,1.9240079426247008,90.75461318377619
303,31,65367,1.8621587348383306,119.3146225511335
304,38,90774,1.8960468168802715,66.74111444475702
305,37,53752,1.7023992145426,87.1516148700785
306,25,85029,1.8270378976859991,95.56701345826508
307,24,47685,1.6771181202223873,95.12138223196405
308,20,81693,1.76275231098432,89.29054800638819
309,34,85961,1.7408174232674312,104.38496072290579
310,50,106908,1.5884435725719273,64.34868466687715
311,29,104532,1.6935393801678154,100.79390401920911
312,39,111994,1.9819111377411756,93.38142000031624
313,39,86133,1.6242901288574711,112.72525782562013
314,63,91268,1.5669018681397444,109.30361073235072
315,47,68243,1.7092903108119677,72.06029273927872
316,55,87384,1.895168867930074,69.33661274826072
317,55,61653,1.791074114889986,118.71573266967135
318,62,56657,1.8404874136191223,86.90856266406796
319,25,69952,1.5948474240873387,113.44946747401058
320,44,52180,1.8094740965038607,61.47167166463375
321,44,108411,1.661750197455737,94.9973240360122
322,51,31622,1.9171516829773838,106.69021311524104
323,38,78756,1.8146494030053681,116.31766747105128
324,47,70809,1.599428138887648,73.61380987119165
325,50,46725,1.532308339922043,100.74868189468367
326,45,91396,1.5213166046435163,87.71691063277333
327,64,81226,1.6857042838250704,54.244024824652776
328,50,111182,1.6329255683271566,98.29998161162604
329,22,112565,1.823045061731254,98.30675907664904
330,36,59402,1.7496669174893091,115.1424763392576
331,21,34263,1.6330096390026902,84.81187123182806
332,52,76828,1.574618888975088,66.11756444973602
333,34,77924,1.5635998813437249,53.11946764140754
334,61,104182,1.9323301960702088,79.0949530680134
335,45,89052,1.6217389842024337,71.13416900542512
336,47,41664,1.8258553239554842,103.27618142167128
337,46,65737,1.9053429639931332,74.79874353887327
338,63,119563,1.8070406555923682,116.43498374203908
339,23,59373,1.929782615823473,117.36171420914489
340,52,66397,1.6961968607642373,93.46360131523956
341,58,116145,1.9781110953244743,115.0062200910418
342,54,68709,1.5665725020890484,103.25980411601469
343,41,91120,1.551074764828769,88.28017486825884
344,46,49250,1.8293460731037219,62.62155547959447
345,63,51172,1.9714155707066308,82.1018560459688
346,48,41555,1.904441730818164,89.26121243538323
347,52,117410,1.5382084297190257,110.47731065145071
348,50,108617,1.6396838569673582,83.69333635749655
349,38,83276,1.9651594424189118,112.83722708745697
350,49,87492,1.6265292164003924,97.20442853164282
351,40,83002,1.8905852118934596,59.589934413757
352,50,119599,1.912566097964352,119.6486958527565
353,20,102355,1.747726051730491,86.90628625277388
354,35,54762,1.6931744549241579,77.43008074863552
355,42,41046,1.7250622162098799,96.13796351286686
356,59,58769,1.613482347182682,57.62253197867273
357,48,83302,1.9446954580644222,94.55770527273481
358,20,53150,1.725309828364879,84.87652003494911
359,57,98247,1.94122972022805,78.46718489990081
360,63,34853,1.5528467399531372,116.71140148252294
361,41,119399,1.9941376355000657,86.57778017124373
362,49,51792,1.721636543721809,65.33822356289569
363,64,89129,1.5239154101970527,82.12744355641091
364,39,104478,1.5190109241187275,114.35711832008708
365,40,97298,1.8731036287409193,62.326682993141624
366,19,61987,1.8295177671018403,64.97699270817658
367,44,45850,1.9010652790637939,50.91206974299586
368,59,42112,1.5526837669764029,50.9933034577037
369,19,54058,1.517785433517774,108.05741388709588
370,43,75420,1.7542896447237892,101.24858247900691
371,34,68890,1.6937976157413848,74.85287395163708
372,57,96017,1.7309734683354778,98.8817810059301
373,50,77304,1.9957942044351369,77.66441484169792
374,26,62921,1.9853749788353352,116.70277571984792
375,60,31524,1.9711576948365965,117.69368769982243
376,56,45048,1.891921338383837,77.49556430665403
377,46,65111,1.6774206801284453,109.79553344386076
378,59,67904,1.7060654651313858,104.11623291882263
379,43,84912,1.7748080218594622,71.69999560202525
380,52,64008,1.91526722820242,66.24278802307742
381,42,30060,1.5343564162591339,82.07642552749837
382,41,104666,1.712148442942444,104.69441884300844
383,30,113559,1.5413088317296344,117.21174493101218
384,24,85337,1.7573287932867558,103.45053482066008
385,53,43350,1.9494504120031177,109.8644889512859
386,62,54354,1.891242462281969,92.21450143193616
387,37,75186,1.613921208771555,108.47854815894881
388,18,58145,1.9879954247993963,104.90946006023924
389,25,64020,1.8336751990232143,76.3889879348396
390,63,116123,1.5052138496987015,88.63932114845048
391,33,105186,1.6277067423426097,106.33271853927864
392,31,115469,1.6303566499599582,53.22397139329695
393,29,50581,1.5346271531429299,106.5655497649081
394,40,118929,1.9799132590379644,62.45216868343164
395,32,53051,1.7391276472879618,86.02785319850072
396,45,81474,1.947907298685941,106.57928076891564
397,51,99626,1.661107751722314,67.76747547096863
398,19,36960,1.5626167852164135,67.20652075143072
399,49,65772,1.737168054953107,78.19350789235763
400,40,51520,1.5569783173571585,112.62499583043441
401,39,79481,1.7430077514887699,50.03099470060455
402,42,66408,1.9601485906097038,113.09681676493544
403,39,87134,1.7603840709171064,60.76649172491255
404,39,50491,1.8082498634475417,119.30604632472374
405,59,31341,1.5783192184869042,116.83928951269277
406,23,74623,1.5218678129399847,84.62726327138984
407,32,30338,1.5554039810899036,85.89041734688396
408,60,101431,1.7992657878421827,83.7084538193098
409,54,42254,1.5475058494961522,94.48105519616658
410,50,81860,1.6879964449706557,56.35051915644517
411,25,41344,1.775045970229078,52.28325638390965
412,61,31750,1.6943263993149236,54.03920498911292
413,61,84756,1.5818419007326507,81.105574446906
414,22,97957,1.6368956537570534,69.28835574536384
415,56,88053,1.9641587664242885,93.54276936596956
416,21,100855,1.8379911377931777,119.47096025623453
417,23,45896,1.7480239193399432,77.04262211535261
418,62,85761,1.5063574449934467,90.16888778731594
419,49,92552,1.9962077002447352,79.09227271351348
420,47,107454,1.8357274674473216,109.30901674053015
421,64,57935,1.6584612386724724,113.15654824235666
422,52,67641,1.9396343299989192,111.4148928543682
423,57,59711,1.629215810145909,118.20605670754803
424,33,100342,1.7720082895913758,51.92634295982907
425,30,42182,1.8180353818649126,108.78713135018717
426,59,117833,1.6105316857268641,102.62405211273654
427,47,86276,1.989198639400298,66.00860865802554
428,36,49541,1.8740959529894987,116.94240653712693
429,34,112310,1.7789066127555349,60.37245497609618
430,36,74813,1.5902972990876505,97.56849489937359
431,45,67198,1.5269291034990131,65.74231517711388
432,43,38820,1.6600299162604917,80.19664541418523
433,54,54070,1.8765936679567015,100.34119278611982
434,43,99768,1.6346656491510125,89.43272494231327
435,40,41122,1.7697781102477526,79.92512819296782
436,26,110559,1.8639735883653716,72.84369016523911
437,29,103543,1.5539718573232322,108.77617589961532
438,18,113441,1.8426490080579367,60.06700452203696
439,18,71786,1.5459354438550224,80.107201357086
440,64,36737,1.9825648710634982,113.26303002425995
441,51,66062,1.7441970650324699,109.20946853219773
442,49,84237,1.5753380538549386,78.06592337311326
443,42,81571,1.6711918180167733,103.41758545209159
444,57,55510,1.7067082246476306,107.62125814962015
445,62,49426,1.8790925055382686,112.22211968025408
446,18,67265,1.8717118930383045,88.11540383344595
447,33,47850,1.8059702526686654,64.31226202382983
448,56,96150,1.5529653562792465,67.87163535527522
449,22,117312,1.575784685793837,70.69862718291229
450,39,119613,1.5468784603227783,91.56617365667309
451,46,104910,1.788586391643775,52.29667368900259
452,20,82375,1.938569220755702,94.52297281459778
453,29,65435,1.7169002561273858,75.50479668997625
454,43,87132,1.580424086978873,70.66692617427495
455,33,108945,1.7790211625744834,111.56475995096885
456,54,112050,1.9058761084328548,82.20016769065593
457,39,32983,1.870856030756465,56.653713187288496
458,46,50662,1.9407253898375108,107.87227376183729
459,31,53510,1.6389510486244339,53.33488802055546
460,45,108187,1.5969769336338875,100.87244569177376
461,22,70998,1.9399082429709693,104.17343552394657
462,64,86846,1.8287801563890116,74.68218241502007
463,47,36640,1.655464465003777,107.73514993944507
464,63,74547,1.8711740252862545,86.09615840995174
465,22,84620,1.907559192240184,82.43055572909577
466,29,45317,1.8074891201705663,53.17822970280848
467,33,37564,1.8439420549399577,70.30204355542341
468,43,57345,1.6876299522213332,115.17069796197099
469,43,109273,1.7693478336715196,77.427677429845
470,38,104859,1.762079585363081,88.26903643897379
471,56,110765,1.9240238955653859,87.24151752889763
472,53,104038,1.9199819901410913,91.33017628758853
473,50,82393,1.9163402346735217,54.293166895029785
474,47,96081,1.505515807131233,75.35233783591097
475,54,59430,1.8747727422344442,100.61897917177879
476,40,105532,1.8793381950555024,64.03921757510881
477,27,57788,1.8391894114275709,64.25048642824522
478,22,78543,1.8781323289457263,50.70634246823173
479,53,43919,1.9209851857483544,80.62373486257468
480,51,99346,1.7351595270508928,111.79140664713954
481,48,69974,1.7510251067442235,53.63306605111163
482,27,46371,1.5623570284556951,63.378309664720184
483,36,75084,1.6926879415236809,71.70591768399285
484,49,59629,1.8216825899558922,101.22073155949491
485,18,81184,1.8901998880736373,94.84449149618106
486,22,91916,1.6086045488456053,79.11607332072985
487,62,103972,1.5689114495796177,103.1348257480863
488,21,92187,1.8315210022502462,92.67417081598313
489,33,42984,1.5009399417624554,112.72285597600533
490,41,63039,1.589186292153665,107.26187243970851
491,33,115431,1.5145356901719769,67.69695242624404
492,19,113691,1.5834425589274355,69.00070043439402
493,45,88606,1.5906596399627526,58.774953305466994
494,49,40616,1.693836797375197,73.58753080022196
495,44,80072,1.701163562343278,119.9680743103366
496,37,54574,1.9371312353051189,78.40258180305428
497,41,33430,1.7550548562494126,65.43419042823744
498,29,42676,1.8617023828061432,103.37380191328872
499,52,40816,1.5520686789601437,87.97297024238593
500,50,62733,1.612719377731847,60.47210146688668
501,50,115680,1.8514717204893385,76.64827768126061
502,60,32050,1.526401980234264,79.01288008775403
503,54,63933,1.7432988311218764,102.7680790398453
504,29,54951,1.7996844828314669,51.446995822433315
505,20,62413,1.8010728220262404,68.83137527588174
506,18,64801,1.511466405634021,86.23174109208654
507,50,85619,1.6610540021145928,68.81927197169904
508,57,62913,1.818245325524577,93.99038331932992
509,27,70600,1.5744998680746218,83.73072354922316
510,60,87775,1.8477078241640266,75.31971784017064
511,61,65400,1.8729626044068373,116.44460388093586
512,46,34494,1.9909845952230727,94.25116494305202
513,30,110688,1.6049209974282048,59.09589605875588
514,29,119431,1.9125653338330575,89.20641882103769
515,48,104691,1.7601482884593271,104.65122972406307
516,63,73001,1.6867312980720868,99.59427882449582
517,19,97364,1.5611883786625889,62.04624605066816
518,52,75028,1.8677528032437687,118.06939993280723
519,40,67573,1.6179287995718434,81.41695520226241
520,34,30806,1.6857110009365228,61.13175026181829
521,43,86638,1.5312711134486843,62.61370278897036
522,25,59757,1.9006834579097596,56.87644945323564
523,46,64636,1.8832942619858217,106.2462675904454
524,43,110097,1.8668079150211563,58.54213460252941
525,27,78280,1.6497217552459433,58.758767999922284
526,43,54262,1.5867400371329787,109.53301303325864
527,51,110435,1.8187766322351149,74.12228591132917
528,58,92211,1.7480831920566098,52.16005330156507
529,24,84842,1.5891262334523208,53.632670966288764
530,21,86979,1.842955635524932,59.95193126927269
531,62,111470,1.9955632159106518,64.93753435829827
532,28,68197,1.8736097938710188,96.56023359668838
533,46,71844,1.8699931933428058,61.012839600127975
534,53,94754,1.975156376465296,58.32120738239504
535,42,64157,1.6014681837874511,103.53033990333954
536,38,107129,1.7827749824607202,96.97386987019401
537,53,70042,1.9898233575169417,80.47269550186654
538,27,91665,1.5826470554850873,88.45168400360728
539,54,112856,1.8501259797222604,71.8388814228493
540,26,57376,1.792905072985951,83.77502941647525
541,41,85554,1.7932395460943535,85.4670854287922
542,52,44199,1.8488353137600375,77.10660898246671
543,52,111412,1.964808461437842,113.46005474705139
544,53,80948,1.891290969925669,51.12433054867043
545,35,103781,1.5280680517081051,104.75198841638723
546,56,102750,1.9263640099378556,58.706798186892705
547,49,96262,1.6127706649628664,105.82831523760396
548,41,76600,1.688457082368186,93.11383409737049
549,40,106898,1.7308664068061912,109.02946636554816
550,49,92483,1.7404530003765348,56.82600279486282
551,54,48297,1.7175901996276783,89.12864438698418
552,29,60448,1.9686766471079322,85.07615161835379
553,30,56172,1.8530095038320122,99.43352280743511
554,40,72874,1.8155853229783532,87.40033863255731
555,42,37657,1.5249210138914708,87.85141969931729
556,52,114386,1.9519566651301874,80.07171605032453
557,58,55425,1.954695096004198,71.61840968051386
558,47,56685,1.8901065317150512,83.75850528765345
559,34,54578,1.5035146019068095,58.29446511378804
560,37,58831,1.5286401255388116,117.30593372881593
561,42,37906,1.6126118511342449,100.00875345386189
562,39,91413,1.5656747040724532,116.67269816814928
563,30,84028,1.6994180148518647,65.87091676309743
564,36,37287,1.9613115290438947,111.55387141235697
565,53,63660,1.7360302170984991,106.6152989194477
566,29,105758,1.506701313216083,97.40066887203716
567,58,90504,1.641372844789381,93.7520430259644
568,36,89720,1.5222974541864809,72.1584765687509
569,29,64701,1.5181438113067511,107.14875494755215
570,26,113300,1.637859926547776,85.10608230358136
571,24,47674,1.6378061693394728,54.96241031238998
572,45,113560,1.893563301300802,71.9004212598591
573,31,53874,1.987417326390556,115.47079689817294
574,48,73642,1.685603546944999,109.54761824233924
575,36,95160,1.7144434394305192,118.73339886535774
576,64,47602,1.9223947181430108,93.95953678228686
577,33,118801,1.6340695100477567,67.32570511982884
578,22,55931,1.578190902201724,61.39705347738047
579,52,59192,1.9265448117018251,63.08401084259231
580,29,76542,1.5232502932200327,51.38569608430781
581,42,72520,1.809849720099708,77.34774776901574
582,38,94772,1.7809964237334035,63.399937634967976
583,53,88762,1.6729602237508472,78.81588223196917
584,40,80106,1.6575947605486796,115.44961022871358
585,33,111121,1.8859288630908106,80.1378146655033
586,56,55559,1.5432123053812732,111.45891478893844
587,62,63742,1.6183921546556927,92.38533366311135
588,59,99669,1.866224365919045,67.29920882629743
589,56,110199,1.774160291863212,74.9098331481448
590,31,51754,1.563994104266793,55.87436750750006
591,48,33972,1.94106780714103,73.34238155172073
592,22,100831,1.6967239232817959,97.42786618524738
593,52,71873,1.9139341876610865,55.04777650506046
594,40,39903,1.8938565077638543,64.37809859346206
595,46,33020,1.812212723235864,76.7008728989318
596,60,71755,1.7472405656475465,118.74346759111738
597,28,115956,1.9897754201908784,104.94032760712162
598,35,116988,1.5724825361899084,101.34407225444727
599,64,75648,1.8625778637755575,58.13336695678122
600,29,39516,1.5955953507323946,104.66971255304941
601,26,32396,1.6691315526661743,104.96881680612105
602,27,114082,1.6543493716865976,92.07718869370298
603,61,49129,1.9735179938693614,119.32532473988603
604,34,31591,1.9836780888941377,72.76777341471863
605,55,41303,1.5915077221173637,115.88907137692962
606,24,60561,1.511017580148752,114.03117804695525
607,63,101719,1.8600040198315566,50.80364618245645
608,30,116231,1.7089949669352422,81.50815685323677
609,57,37314,1.5444201225437821,118.39729631361013
610,59,49623,1.8418770527885213,57.21849536856531
611,26,97675,1.7725527641303498,88.34492860683235
612,44,95082,1.990258411000553,118.52702549287729
613,19,113624,1.6137047479306894,88.88467968741021
614,22,63130,1.7019889381632742,63.28707120805092
615,46,81756,1.7712729016977113,90.75282610648128
616,54,56292,1.8958499942266758,64.31084017646828
617,55,116206,1.7744193283600294,86.3792984026139
618,36,99274,1.8064500804309747,55.18295525386436
619,25,32469,1.6130735257949704,92.38378684500833
620,62,83947,1.9234593640442799,86.17529573897107
621,18,52534,1.7143152734852378,101.81129581330242
622,39,93620,1.5704798137608846,94.14903298111496
623,34,78874,1.8320939572527086,88.47243879715296
624,24,79708,1.6080452265926537,98.28451944736848
625,42,104553,1.5487812551196498,60.07593395005616
626,62,98344,1.930993454202136,91.67517628810228
627,21,79138,1.7300811322442198,62.04774219759444
628,53,84302,1.8746418563478882,114.78655454963166
629,23,77638,1.6452937799031775,54.783387339192295
630,48,108249,1.8934850674588333,80.12623247835553
631,36,32719,1.5559679635107653,98.70582343588114
632,61,52890,1.6779866868974262,82.06155481677811
633,56,107236,1.9890309089867642,56.44666772630316
634,44,66509,1.896994858184003,88.73653112886952
635,27,72534,1.7486279651573442,94.91423361791482
636,43,48787,1.6698887357809427,99.26546176933553
637,36,78845,1.9360678500112383,76.12818701239313
638,56,87932,1.7724238795422578,89.45619797201336
639,20,63062,1.8792125089345555,81.54805324572392
640,62,105713,1.877053840158082,97.04392271265773
641,30,117263,1.5089728392842459,90.8489877127373
642,45,90461,1.5631268913963068,86.80293536913945
643,37,105418,1.8298146831973712,67.4667056786774
644,45,96672,1.5808099056429357,50.14129624237638
645,25,64832,1.6277466723278025,62.18571727180005
646,58,61966,1.9733189770998036,58.19462289969181
647,56,102545,1.780091129187456,81.43593215076628
648,18,42987,1.8753647534996736,92.85807055332913
649,20,67311,1.77899036939132,64.91595060793657
650,30,61575,1.7762568073913627,115.73399671770309
651,45,93852,1.547075955062849,50.46774904567214
652,42,31007,1.6718315963045516,104.061071061574
653,50,100981,1.6412154493432558,93.76433386713096
654,55,106242,1.6953641828068067,76.14883607333773
655,23,77517,1.8991720941121641,53.53422610886855
656,61,59257,1.6859663339584325,93.92406002489956
657,62,117272,1.7258484096158413,76.99294590059536
658,49,72207,1.6986906952426581,115.53869975892535
659,62,43281,1.546703985987648,87.93930524228361
660,64,91246,1.7205360791253919,115.77560579054557
661,38,31435,1.5978046365222576,65.4338585431313
662,33,56660,1.5933616478865207,100.80081372548723
663,38,35084,1.5470180522171333,93.2074314594108
664,28,112197,1.6783354870708824,101.75857608819183
665,54,43507,1.8787409423947086,65.02675047807757
666,53,102595,1.638220845291698,96.54961613664416
667,52,113807,1.6561745509427568,84.86282751398083
668,36,75539,1.8213373288362118,101.99774824344215
669,37,37491,1.5979204062934595,72.89312509062725
670,35,80192,1.9484789652117671,112.30399178256768
671,64,110395,1.7600952616257772,55.90109202279453
672,58,93888,1.7238014701601085,106.50325231538316
673,31,103609,1.7789100959646007,110.29237380705635
674,32,39077,1.5830171567080977,107.20766179567748
675,48,50953,1.8067365693195883,85.89084759832433
676,18,106919,1.6815503683170052,80.6869486021533
677,20,97889,1.9485931704823094,119.73836005674137
678,33,53821,1.584427103338843,66.04203658499135
679,40,67567,1.7535255519327206,88.28131761132312
680,28,54860,1.7990563146845089,96.9472867767628
681,29,51195,1.5166918008931907,99.06073451030024
682,27,107475,1.68184656237807,64.28172660170051
683,49,117266,1.8663176173504163,95.77958646378609
684,33,51427,1.9101887537244866,107.28586965369361
685,25,57083,1.6565809974086412,53.501300377477854
686,55,117046,1.8992966361913757,113.80649053277216
687,29,87372,1.9838779385516945,52.06528386016441
688,41,74064,1.928436968037547,74.9179722741876
689,45,37813,1.5588219940796626,51.106923736307344
690,25,61598,1.8698651660427703,55.40016179777073
691,45,57082,1.6598334162202724,113.78177996260554
692,53,59241,1.9942079947060383,74.84025815223035
693,43,74569,1.7426794915799435,79.7340071297537
694,25,41745,1.5612169491794705,65.07410669677868
695,45,56029,1.8625927740136954,91.79670391307039
696,45,43025,1.661505599193107,91.63622502744528
697,54,44288,1.9985390785408308,76.05402742776535
698,58,119186,1.989891228927261,73.31244102637788
699,53,36540,1.8280670090102904,111.94750157264114
700,44,111958,1.5649132244758588,76.8298967749541
701,34,98878,1.8434304988375145,84.54506945080858
702,26,71846,1.5465152432300135,69.83133336974514
703,50,105932,1.5146820795511962,105.07386523499892
704,37,47482,1.9114792231107431,77.82137098293641
705,30,53411,1.6048764738418406,85.95277325810272
706,45,80975,1.6895135631095486,67.7350019041763
707,46,90545,1.9867286949880865,119.13617146388762
708,30,108797,1.6684202509305517,70.4047018646606
709,63,82307,1.6482448906416576,103.95197716338862
710,52,33093,1.9591039998113877,79.92469552497315
711,23,107258,1.555374222659479,64.43521835588979
712,35,52042,1.879791205057316,105.98031347754028
713,22,82930,1.9940327833263871,73.35247523203302
714,64,74413,1.9506480053873245,110.56353431784677
715,42,63756,1.825833959353213,114.06800294424761
716,19,83268,1.657030397496366,110.18766847738931
717,27,69214,1.6271609905891584,52.4505540364764
718,47,111871,1.9096275524357305,105.1161341503574
719,62,58602,1.9399109569758477,78.79376265494007
720,22,83331,1.7627174562728465,111.16060441275576
721,50,78901,1.622169970393233,94.65679838793172
722,18,93416,1.5564716042055868,108.35501939007709
723,35,62196,1.5435897339159155,84.96022389067848
724,49,35626,1.8595387236769279,87.4517853219253
725,64,37424,1.7100593639238624,60.107134249356704
726,28,42857,1.9526799371389352,104.87911510825488
727,38,49982,1.869835650363382,79.35727281668801
728,43,106961,1.5956302089572934,85.00560827901079
729,42,31980,1.8068887094078496,104.95683998669953
730,39,78290,1.7177527271990796,91.91917800556072
731,44,56431,1.7886248653843064,64.07691092098672
732,30,114976,1.8690345616692585,91.3162861405625
733,50,112711,1.9030979405018953,78.53430005857591
734,51,56385,1.9218686632033621,82.86678794307039
735,58,68158,1.6269874372860125,51.98178920818675
736,52,53019,1.515557799958679,64.70205446613971
737,18,48639,1.8696473675823866,69.67266569667198
738,38,115530,1.5531718631278872,99.9072005501164
739,23,51563,1.657459794306484,50.804473130868075
740,45,69341,1.5019085670621735,78.61440828603925
741,34,35776,1.8408347412008101,114.6818809298013
742,22,66444,1.5835660057356107,57.831643158438666
743,48,98916,1.827641204845829,86.14970717530277
744,22,38711,1.9958713085839195,105.0565667673593
745,55,104318,1.536335435805008,115.97719152640818
746,20,112970,1.5385390059757302,102.27436476736025
747,40,115553,1.6701900463333375,100.43958840510842
748,54,60707,1.9331932571256711,107.85416631370337
749,54,69110,1.607764934395666,81.23408546842806
750,27,91788,1.6801889099651737,106.40911728324832
751,27,112879,1.5342527033134898,50.55750833218158
752,36,68827,1.8815776456294446,114.71927387637635
753,34,35655,1.7041531713797256,81.03145566620228
754,38,74859,1.8796243665304213,88.73661315060234
755,31,83625,1.9518039221733976,67.84175742404176
756,26,82098,1.6163815735506444,101.9771582988295
757,63,45251,1.9036980151699756,55.36450645326742
758,18,30526,1.5295469450391266,111.08450617827847
759,62,98760,1.9494236940901237,107.968178030444
760,30,77837,1.8253842737793737,65.12420813713365
761,21,41536,1.9371133620691758,106.65270787996836
762,18,58541,1.500094199778291,105.0450413143037
763,57,109083,1.5845405351779962,94.25516184277643
764,49,81027,1.694879693713246,76.14641238297813
765,51,64531,1.6897514516873593,69.00491279273075
766,45,38712,1.6133651914617553,66.2248513202545
767,48,95455,1.6908059699336,72.3026273934525
768,25,104744,1.5644243560001274,113.24909104027712
769,56,35109,1.706380564633013,55.434854319214686
770,43,79268,1.901177164579632,108.0209893377071
771,51,84615,1.7395350315516755,74.42230525292764
772,20,112503,1.5090000444726075,86.51195772079507
773,29,59759,1.7107220207896237,105.61399435539435
774,18,115708,1.513587508045422,111.90635829160799
775,61,90112,1.9831217053533992,74.13469940508529
776,22,56589,1.5637269797114346,82.32904368925772
777,47,60015,1.8538441631653093,79.01612453717546
778,47,59009,1.986388161446043,50.92757234527374
779,34,113309,1.913019525833286,70.71600222010596
780,64,92046,1.849657687563102,82.14324636127932
781,40,56143,1.9197304547503835,78.77655262163078
782,32,36154,1.9908993466303138,100.53504592609757
783,54,51804,1.8106722486267648,76.93625320547723
784,38,71688,1.7795924034146633,84.25635142794691
785,31,94288,1.8141190552316406,80.07260144926543
786,19,81195,1.7663379433807775,101.84383042260593
787,28,50581,1.8175445529548595,110.40806792908738
788,56,82648,1.7249211039862797,87.23223553052598
789,55,60087,1.6092215914416537,105.26025359366338
790,51,79930,1.5601236132558378,70.77506774138953
791,55,62981,1.5341704677661303,87.8958727110088
792,51,99298,1.6316578918766,74.16609675689807
793,35,76167,1.523061782167867,78.99406479002812
794,47,105304,1.7835853899596927,101.2689705368868
795,32,73408,1.64191422351176,111.7163737632899
796,44,69499,1.9122674040435161,58.504677376143576
797,51,82269,1.5371204364941933,94.42474795411664
798,55,68559,1.613175747170743,90.75006653044589
799,50,104319,1.865123073545073,58.289052742315235
800,41,78787,1.7994041481917458,64.83260313080764
801,32,65488,1.5322456356245837,71.77017463128762
802,47,104441,1.9386197285811002,61.6851749572251
803,59,104663,1.9386308814130897,67.06106377670393
804,34,52431,1.6652040019378869,68.73205592031952
805,22,91681,1.6702029216747825,73.49716831273417
806,46,93483,1.9945141791750869,102.45733169608113
807,21,79153,1.813088085796569,90.03385426954205
808,27,36368,1.7656582602840296,119.03726703659811
809,34,57424,1.9190760917759622,79.03150788772297
810,27,75004,1.642645169178658,102.77055516858475
811,34,113869,1.7145912966981784,111.00278949635737
812,37,118652,1.633888337744167,97.52849451266293
813,41,86985,1.8945804232943657,78.83053182922473
814,22,80069,1.786674672817609,102.75162415220271
815,51,82326,1.8294125350700352,64.25669964408794
816,23,111061,1.6261536249197033,72.92865156260928
817,19,53398,1.6101126506886576,88.26796785695022
818,30,80861,1.7441873144914695,90.27865711003038
819,60,105897,1.8687828745464135,51.54990328308406
820,60,111905,1.7626198787600802,116.15799321292062
821,28,98577,1.5163228387728342,98.7639089852173
822,64,95641,1.9342757531601444,84.69926251623238
823,40,39078,1.5323434467575658,115.31890640858158
824,33,55003,1.977912241860376,80.73668956755799
825,48,92768,1.5125709791386364,118.63048991892602
826,28,81047,1.8472252280653545,85.85993300704396
827,33,101626,1.5411035318558908,58.00000389985856
828,25,87660,1.9553382897175697,103.5360680721494
829,21,79786,1.7322166181127714,97.52284075544884
830,57,31925,1.5687618874085076,104.10907049139108
831,21,113976,1.6704078498949233,116.60094201079768
832,42,56015,1.582412337673381,104.35425118557127
833,20,63320,1.585290955778545,92.79356215516528
834,49,94881,1.974054160085721,110.01162316525887
835,20,56289,1.722623056142394,97.12725075481721
836,44,33389,1.8944011319526797,78.56833397781462
837,46,55683,1.8198027805888408,111.99338349692412
838,49,43629,1.8382131811691962,65.5330322549061
839,36,91550,1.5658467192360193,100.02488924361069
840,38,54826,1.617092223407743,111.70944184585298
841,22,56630,1.8933751675772186,101.19215637923074
842,35,76163,1.9853831032373914,98.80927933376998
843,45,96435,1.631337821299326,102.68468058502852
844,59,41653,1.6357843823755198,82.55386738104511
845,39,57961,1.7364485664054525,111.19194775099182
846,38,111941,1.991920156427719,64.24055325952638
847,23,104137,1.6344794729132355,58.91704912002375
848,18,63662,1.703485954817132,69.9856146082958
849,22,86446,1.9457400078117533,87.21041777424952
850,58,51288,1.5014605163106811,85.73932567865367
851,29,66877,1.5198829824942848,107.44191303736106
852,43,45313,1.8020358385356097,78.31980594828121
853,63,110885,1.9536900823564234,83.90410984040561
854,51,102715,1.6194283302009638,50.93573782815769
855,31,40326,1.7348208873403546,78.68174655100573
856,43,31560,1.725232650828909,95.34419630652394
857,62,109148,1.7364856730477551,51.085583143861456
858,44,113186,1.8112598478648727,69.66173756303706
859,26,56745,1.7348718814953419,64.55694515025729
860,43,61890,1.723734070661229,52.93898002367118
861,64,50022,1.7371442102156303,83.54820629401763
862,39,82579,1.7954337206355206,62.720630525970954
863,64,100316,1.7685037441756792,102.01570777419661
864,47,113847,1.9270679988252521,109.3549518634344
865,60,58380,1.5247484267468332,88.19096278684034
866,34,32356,1.9166585357365062,118.7195139764799
867,43,100326,1.921962306305862,81.53350000294168
868,53,119899,1.6424540107654804,85.93577471574409
869,18,50049,1.7314259775079253,119.2452427770425
870,25,105717,1.7192692442687179,66.20839051755341
871,52,46082,1.6092549171770651,115.97821577738337
872,32,30661,1.6983984235431582,52.99862885833793
873,64,67412,1.5221938860854272,81.24708231842364
874,39,32920,1.6389110363908672,54.9002458493146
875,31,90315,1.908341087725359,101.046432003955
876,43,109561,1.6422811508814488,92.58862551160124
877,45,38946,1.9091033343741237,99.46439844273175
878,40,75500,1.7657997323022154,76.2136279977612
879,31,46309,1.93993133868058,75.86373538219662
880,41,85230,1.7873897771322076,53.172349527262625
881,19,60027,1.51483411153237,74.49614576707478
882,62,102541,1.8377101037735446,115.05018815834416
883,43,89321,1.5224267840117842,76.54585760263143
884,31,30956,1.725298509491567,108.1957394355379
885,24,104131,1.964713347236557,108.96278533249539
886,20,77908,1.582601969668925,76.12688094654636
887,64,108339,1.694936176470772,94.23920762773324
888,40,55963,1.8649301544242392,56.6760121591141
889,63,69443,1.9411292780474239,57.257500651399354
890,60,69063,1.835471502371254,53.40603645631993
891,64,110818,1.6290866270955846,90.67105653625767
892,62,34703,1.8373039264581081,79.8249684338268
893,35,95128,1.648363820552045,88.36226496649681
894,55,102099,1.8592146149093676,86.47512333558716
895,52,55849,1.9770165637925203,74.51420937635112
896,32,61860,1.8606967255531441,97.4231390376431
897,42,61585,1.9314402514562061,103.09513166414735
898,54,52015,1.5010519215879417,51.0239781214373
899,45,107539,1.8587860623657972,64.50696098382149
900,27,73585,1.9147937784326252,99.92651076583358
901,56,56958,1.5202793687723406,77.0634120843684
902,34,56017,1.9357988636441152,96.37387628591257
903,56,106707,1.628347114155023,74.2873861814191
904,39,75350,1.8326460509890277,77.3528606630746
905,43,42201,1.9001774395117033,61.10752115827795
906,61,59426,1.8313322565296777,68.07617137663121
907,42,47778,1.5461423960366285,92.3788230255311
908,34,75241,1.7981607594301843,80.32141779206165
909,30,72229,1.7747918283610717,104.20118780612167
910,37,116652,1.9501606340371358,109.68094684568399
911,42,78364,1.7021198648221045,87.9152492751732
912,21,114878,1.660540548543525,103.07871044392414
913,27,87056,1.8749253822182332,71.4833159236199
914,20,57490,1.7063376630416984,79.04798507800547
915,58,49975,1.8230480875025314,99.89443733517817
916,62,56723,1.8232250450623035,77.03483949719215
917,35,53279,1.9440195321800589,91.19534546112922
918,64,108301,1.7993462011595487,62.9760945357758
919,53,41561,1.7510768049809935,91.98399204793486
920,64,96061,1.5694356631982584,110.30595950588256
921,39,118397,1.5578688033393526,110.8047747876398
922,51,79153,1.5771607826415397,100.70410844306778
923,64,63142,1.5859242406635472,102.20273653532882
924,25,56916,1.8189385463318168,89.05492116054904
925,57,94324,1.8704906251372893,90.92676631160774
926,61,74965,1.7649957614632092,59.35554069873626
927,36,34648,1.9145088662727456,81.07014318949108
928,59,65133,1.9956316133668166,81.55433987204546
929,58,80677,1.910006314559678,117.09484849674182
930,54,100135,1.8474411868379796,80.17608038363026
931,23,65046,1.7662463497185734,88.45398514319304
932,43,77064,1.724426535837354,87.32759794953718
933,51,99350,1.5421961902722712,94.5733201931029
934,62,75893,1.6996843741973455,102.37629819323271
935,23,91272,1.9550673183910672,65.75293133196105
936,54,97649,1.9040113149532765,87.0107093368905
937,50,94674,1.6080256825058437,107.81423951212213
938,39,43760,1.733303892348608,82.4180299686258
939,38,51927,1.9083616012792723,69.49202824615011
940,23,116475,1.5336922773927613,95.82963527494094
941,23,91367,1.6936962928343298,107.66371770593861
942,21,42588,1.9259206184369737,54.41982050491739
943,47,82233,1.7019489320850618,104.3753338385059
944,28,74738,1.5388073223657204,107.51535530732399
945,47,63397,1.7712671842661258,82.30660493120247
946,48,112189,1.9308712474591476,118.83139597729271
947,41,106367,1.7951427714765797,105.06958384951163
948,26,101260,1.6131395541071158,104.1563795426966
949,20,106619,1.6921198100686907,102.34870020884503
950,48,49816,1.725061680590966,60.54256722527918
951,57,72240,1.7896331769102634,65.20616205171076
952,54,36276,1.8796755128763065,82.47930920250975
953,53,109530,1.5494368088203176,68.4803044971626
954,41,53499,1.9448260165087832,79.06686806338283
955,48,118576,1.5061548515080379,112.19248769460445
956,23,112495,1.6850261673371276,107.70288243154884
957,19,101635,1.5137101549863288,94.10279149359876
958,37,115112,1.6964871126726457,110.06842759757724
959,45,65946,1.7629062994366618,104.86406723120744
960,28,85204,1.755840693290756,80.02894522886234
961,21,81886,1.5828141735141328,64.07456064349616
962,32,101652,1.8228702550478062,85.99407280065374
963,23,45563,1.522389225252334,101.53602177699851
964,47,39847,1.8809534100662078,80.54937191107152
965,55,56155,1.973322216996773,96.67403368487281
966,19,109671,1.6698844135755588,56.602919840373055
967,32,113310,1.758619690857166,102.36033154599824
968,28,97278,1.6894551390294072,106.88995339251434
969,25,48309,1.50335519515203,99.47864990463788
970,43,30619,1.692937251447558,117.70845112684559
971,62,113194,1.8958601296306732,107.86564402224482
972,61,80108,1.797994421091741,113.21656095135768
973,22,64707,1.5506299573075795,115.34997584203536
974,23,50337,1.9235697448468925,106.0943594311666
975,43,111537,1.7655426724426215,97.19811894045493
976,21,96504,1.920861680872338,50.40030069525525
977,36,77614,1.7901107593925147,82.60780272561873
978,37,30281,1.77984422241897,89.98136090356527
979,50,57420,1.5526295925985063,71.28211907135997
980,37,110896,1.583679866569314,72.26731128324305
981,29,69030,1.9860126282482955,117.28115909971156
982,64,31058,1.6142433733773853,112.41976056419222
983,18,116213,1.988726058995184,109.4425303851193
984,43,106260,1.7659563532621316,78.42082611942774
985,31,58404,1.5678945235319686,50.95889852862402
986,55,59856,1.5496511013768464,55.615557251899986
987,54,39200,1.60443203535287,71.85374577523226
988,28,94178,1.962818665012668,51.10200390969739
989,53,63997,1.7070751121641135,51.20048473406387
990,30,55611,1.6977171339964572,114.16223111496878
991,60,71235,1.656603130535087,99.43109514833378
992,20,65057,1.5735309252832943,71.62691930477068
993,50,31239,1.7439255985962032,59.28512043206672
994,23,95661,1.5650238912555694,85.81450025265539
995,27,75272,1.9177401181911637,50.37423125980551
996,22,119393,1.6851984931376531,115.68896207007008
997,40,91212,1.6874017838908981,79.0370583572263
998,27,45398,1.7370032142415779,78.1634468666133
999,61,86503,1.7220638565828759,77.34155253072475
1000,19,36638,1.9974289865296608,54.85298312714353
