Date,Product,Quantity,Price,Customer
2023-10-16,Product_7,10,32.9159416485366,Customer_26
2023-06-02,Product_3,6,36.513268839279,Customer_57
2023-11-09,Product_3,9,40.68663025603793,Customer_46
2023-09-18,Product_5,3,69.89739025150112,Customer_13
2023-03-04,Product_7,4,35.292460921950564,Customer_43
2023-02-22,Product_6,4,46.28348245662214,Customer_10
2023-01-09,Product_7,6,86.70674635028381,Customer_27
2023-09-03,Product_4,9,45.32165069609229,Customer_47
2023-06-24,Product_3,2,92.38781301925226,Customer_99
2023-04-23,Product_3,2,72.66385033815442,Customer_39
2023-02-14,Product_4,6,40.528414401045104,Customer_61
2023-02-17,Product_10,4,56.0478247662251,Customer_58
2023-01-15,Product_5,7,45.14804220467473,Customer_58
2023-05-09,Product_6,2,99.5606001686076,Customer_40
2023-06-12,Product_9,6,13.352193315380841,Customer_56
2023-08-25,Product_2,7,17.36239926026267,Customer_56
2023-08-18,Product_6,5,62.903239746895274,Customer_11
2023-10-26,Product_9,10,92.8749493241366,Customer_71
2023-10-28,Product_9,3,86.48193016209633,Customer_4
2023-01-27,Product_5,9,98.03596597992787,Customer_61
2023-08-08,Product_8,8,11.546682940792714,Customer_47
2023-03-06,Product_7,8,69.60395043874274,Customer_92
2023-10-09,Product_4,4,16.493241455951164,Customer_41
2023-05-28,Product_2,5,96.2627574786139,Customer_72
2023-07-27,Product_3,2,37.428974242452156,Customer_22
2023-10-16,Product_9,9,74.70287150077219,Customer_18
2023-07-17,Product_3,6,70.98081322555055,Customer_54
2023-05-03,Product_5,7,88.7685406861334,Customer_13
2023-02-09,Product_8,9,64.84022852411033,Customer_59
2023-07-25,Product_3,2,43.66155392511628,Customer_2
2023-06-08,Product_6,6,99.20894371774598,Customer_85
2023-06-03,Product_1,1,64.02748762828088,Customer_82
2023-11-23,Product_4,3,28.775586538380683,Customer_2
2023-07-03,Product_2,10,27.345393736150395,Customer_45
2023-03-26,Product_2,5,78.99262763268727,Customer_6
2023-05-05,Product_8,7,59.93927553338943,Customer_84
2023-04-11,Product_8,8,67.2832803340097,Customer_81
2023-08-05,Product_5,10,95.59375079918266,Customer_40
2023-05-12,Product_10,9,11.895026709050477,Customer_52
2023-04-22,Product_3,3,52.20653055798413,Customer_11
2023-12-27,Product_6,4,46.339606313995844,Customer_62
2023-01-15,Product_2,6,15.711289892684622,Customer_19
2023-07-15,Product_7,3,74.78167201061785,Customer_40
2023-08-06,Product_9,5,77.65887476468167,Customer_83
2023-07-03,Product_9,4,36.406070810554226,Customer_26
2023-10-19,Product_4,7,17.349073240373528,Customer_43
2023-11-27,Product_2,2,61.723005115050974,Customer_95
2023-11-27,Product_8,9,49.255613094715116,Customer_79
2023-11-01,Product_4,8,23.27451472330528,Customer_92
2023-07-26,Product_5,5,51.3159586726462,Customer_61
2023-06-27,Product_3,5,67.91912208718901,Customer_15
2023-05-19,Product_1,1,87.57018204510098,Customer_6
2023-08-12,Product_10,1,82.50053515138296,Customer_79
2023-11-27,Product_9,6,58.37056366843637,Customer_94
2023-10-05,Product_5,10,59.26801510969239,Customer_56
2023-12-26,Product_4,1,74.00495490552682,Customer_89
2023-07-03,Product_4,7,65.58596370878992,Customer_30
2023-09-19,Product_2,5,56.139518550875486,Customer_63
2023-05-21,Product_4,5,86.88881619979695,Customer_74
2023-04-07,Product_7,1,40.29473653578541,Customer_20
2023-04-17,Product_7,3,17.151058518216526,Customer_99
2023-02-04,Product_2,6,13.935263481745201,Customer_5
2023-06-21,Product_2,6,11.884171960170555,Customer_79
2023-08-28,Product_10,9,98.48545037496817,Customer_21
2023-08-27,Product_10,7,92.41150329146043,Customer_76
2023-09-08,Product_7,3,58.767748281346755,Customer_16
2023-01-07,Product_4,9,56.835675799908245,Customer_26
2023-01-04,Product_5,8,19.449456488733865,Customer_96
2023-11-08,Product_9,9,27.636029922544203,Customer_91
2023-02-28,Product_10,6,45.22650969000192,Customer_57
2023-03-01,Product_2,4,62.16300437782429,Customer_76
2023-05-08,Product_6,4,70.47329815939338,Customer_38
2023-06-20,Product_4,8,37.14785419016648,Customer_65
2023-11-11,Product_6,1,67.07148664722914,Customer_1
2023-02-23,Product_6,9,57.79448840653468,Customer_59
2023-12-10,Product_7,3,12.778413819977018,Customer_22
2023-06-28,Product_3,4,21.57600097508358,Customer_53
2023-05-16,Product_5,6,67.43506568985006,Customer_79
2023-06-19,Product_5,2,56.407329672126544,Customer_95
2023-01-23,Product_3,4,35.586302056535686,Customer_44
2023-06-08,Product_3,10,12.431554032400207,Customer_61
2023-01-11,Product_1,7,69.61404913341754,Customer_70
2023-12-12,Product_7,3,25.422791730839194,Customer_40
2023-06-02,Product_1,2,61.465469499771984,Customer_63
2023-01-04,Product_1,8,77.01579805437248,Customer_41
2023-04-03,Product_5,1,91.55251414375387,Customer_58
2023-11-15,Product_4,6,87.88393679020234,Customer_67
2023-12-09,Product_9,5,63.87638254134076,Customer_28
2023-05-26,Product_6,6,74.26093843563292,Customer_75
2023-07-21,Product_8,3,93.45979073890199,Customer_89
2023-04-25,Product_7,9,15.551944355851823,Customer_93
2023-04-13,Product_5,8,38.98394179972888,Customer_34
2023-06-22,Product_2,7,56.24552157600032,Customer_70
2023-09-01,Product_7,10,10.539282432912202,Customer_40
2023-11-08,Product_1,7,69.58512808059639,Customer_15
2023-01-11,Product_8,1,20.92416188673358,Customer_92
2023-09-25,Product_4,2,90.98383918813835,Customer_40
2023-02-05,Product_7,8,37.588845209007104,Customer_83
2023-05-22,Product_4,7,55.44156372425416,Customer_54
2023-08-01,Product_4,10,96.57523606581186,Customer_69
2023-07-19,Product_7,9,43.76629880371196,Customer_58
2023-07-12,Product_3,2,17.845357496130255,Customer_27
2023-07-27,Product_10,5,34.655509899013865,Customer_89
2023-03-27,Product_1,10,68.49760777841817,Customer_56
2023-07-03,Product_9,9,54.71400162022927,Customer_29
2023-07-28,Product_7,3,13.166264336551436,Customer_52
2023-10-22,Product_7,2,53.67529046864506,Customer_13
2023-09-25,Product_6,9,21.972062735368453,Customer_20
2023-07-09,Product_8,10,20.143228470508724,Customer_20
2023-07-19,Product_2,4,73.99219067458588,Customer_85
2023-12-08,Product_6,10,99.32910679319855,Customer_90
2023-05-20,Product_1,10,91.87001070753274,Customer_60
2023-12-16,Product_5,3,45.379909729896724,Customer_21
2023-06-14,Product_3,5,62.16151693963224,Customer_46
2023-04-05,Product_1,1,67.21453709800102,Customer_81
2023-09-23,Product_7,6,59.918570152313826,Customer_28
2023-12-22,Product_3,1,17.542787821248467,Customer_5
2023-11-11,Product_9,7,84.6524715105966,Customer_65
2023-12-02,Product_2,8,85.6265557607693,Customer_31
2023-04-17,Product_2,1,25.738425456616124,Customer_37
2023-03-14,Product_6,1,95.26867944034518,Customer_64
2023-02-25,Product_5,10,88.46299376212882,Customer_5
2023-12-07,Product_6,7,52.225130666437025,Customer_35
2023-02-10,Product_10,3,52.55410796827523,Customer_79
2023-01-08,Product_5,2,67.06473706662459,Customer_92
2023-12-09,Product_5,10,14.796555947017907,Customer_61
2023-10-09,Product_10,10,71.36993438918483,Customer_40
2023-10-01,Product_3,8,45.68468426232391,Customer_86
2023-06-16,Product_10,4,97.5136409063481,Customer_96
2023-05-24,Product_2,7,59.42062891923657,Customer_81
2023-05-25,Product_5,3,99.68583231736598,Customer_23
2023-01-03,Product_3,7,58.820420132523054,Customer_44
2023-04-24,Product_8,5,12.420614998111203,Customer_25
2023-08-10,Product_9,1,70.76744479439438,Customer_24
2023-08-12,Product_3,3,35.072669042744366,Customer_17
2023-03-02,Product_9,3,87.45680498396213,Customer_54
2023-05-12,Product_4,2,99.85260426723713,Customer_25
2023-09-19,Product_8,10,43.383895514991295,Customer_93
2023-06-17,Product_1,3,97.66214887636407,Customer_56
2023-10-26,Product_9,10,45.340094700550665,Customer_80
2023-06-14,Product_4,1,69.00148906581556,Customer_68
2023-01-13,Product_2,8,10.332479201410619,Customer_25
2023-06-23,Product_9,2,73.23463210959102,Customer_68
2023-09-07,Product_7,1,65.18985950047187,Customer_28
2023-08-15,Product_5,1,71.60868595742961,Customer_100
2023-10-21,Product_3,4,99.06355775650168,Customer_66
2023-01-11,Product_5,3,54.35621779279631,Customer_59
2023-12-27,Product_8,3,21.555211877713383,Customer_96
2023-04-15,Product_2,9,87.61556151187945,Customer_65
2023-01-16,Product_5,7,57.769027331668426,Customer_29
2023-03-28,Product_10,4,78.25301634433286,Customer_97
2023-10-23,Product_2,1,18.983371602831593,Customer_30
2023-12-25,Product_2,5,84.74071200109775,Customer_91
2023-10-05,Product_6,4,93.30525382431524,Customer_74
2023-05-19,Product_5,7,69.46621251269207,Customer_49
2023-11-17,Product_3,6,52.26815452774274,Customer_69
2023-09-21,Product_6,4,74.44855014640389,Customer_77
2023-03-24,Product_10,9,51.33709627475976,Customer_17
2023-06-23,Product_3,4,33.707379135216726,Customer_23
2023-05-15,Product_6,3,77.27431405598925,Customer_24
2023-04-14,Product_5,2,80.18410267617594,Customer_83
2023-09-06,Product_6,8,73.37260776180318,Customer_2
2023-09-08,Product_6,2,29.2159980249713,Customer_10
2023-10-04,Product_5,8,99.8926060105875,Customer_30
2023-10-24,Product_2,6,85.40370739185475,Customer_38
2023-07-23,Product_7,10,61.05231773981369,Customer_46
2023-09-10,Product_8,9,99.8554920691353,Customer_74
2023-01-15,Product_10,6,18.49341832317974,Customer_4
2023-10-24,Product_7,4,23.071639705957757,Customer_19
2023-10-09,Product_5,5,17.13116169488935,Customer_72
2023-11-08,Product_5,9,58.328430074370864,Customer_87
2023-10-15,Product_3,7,38.58807156558864,Customer_84
2023-09-23,Product_5,6,40.719034096550786,Customer_37
2023-02-05,Product_1,10,30.14394849911004,Customer_58
2023-12-01,Product_8,3,19.370784680986233,Customer_53
2023-10-03,Product_9,7,93.30175693384378,Customer_40
2023-09-22,Product_8,10,68.50121611669057,Customer_93
2023-12-12,Product_5,5,77.57213546933448,Customer_80
2023-01-23,Product_1,6,42.71735249450833,Customer_91
2023-05-19,Product_2,5,11.37382448186906,Customer_91
2023-09-03,Product_10,2,83.57912698007273,Customer_70
2023-08-23,Product_10,6,29.214598536100677,Customer_38
2023-08-20,Product_9,8,50.434937158249696,Customer_44
2023-04-06,Product_10,6,25.901725848939197,Customer_30
2023-08-17,Product_7,2,20.902959122129317,Customer_8
2023-03-21,Product_8,10,20.5396609900792,Customer_42
2023-11-13,Product_10,1,60.42344154498373,Customer_14
2023-10-15,Product_2,4,34.136259578195784,Customer_43
2023-04-24,Product_4,6,31.22768748824032,Customer_50
2023-01-16,Product_5,10,59.47774096385035,Customer_6
2023-10-24,Product_6,6,53.803387428526364,Customer_43
2023-06-04,Product_4,1,30.281601115503246,Customer_89
2023-02-20,Product_6,8,70.50014432581021,Customer_67
2023-06-15,Product_9,2,31.013302995423153,Customer_1
2023-10-20,Product_8,8,25.28270434910202,Customer_40
2023-07-21,Product_8,4,65.20648167930517,Customer_18
2023-04-17,Product_9,1,39.268766651055046,Customer_90
2023-03-19,Product_10,10,25.131448854564823,Customer_28
2023-04-14,Product_10,3,53.64987281611582,Customer_44
2023-02-24,Product_5,1,22.67174425133104,Customer_78
2023-03-10,Product_4,5,23.472794674871274,Customer_82
2023-10-18,Product_2,2,87.60277053582415,Customer_11
2023-05-06,Product_4,7,40.79058090372685,Customer_69
2023-06-25,Product_6,9,79.65623755734612,Customer_96
2023-05-05,Product_9,2,98.32499369831973,Customer_97
2023-02-02,Product_2,8,47.90196203346711,Customer_9
2023-03-05,Product_6,7,48.621797553592316,Customer_98
2023-06-16,Product_7,6,23.51188933174668,Customer_83
2023-10-13,Product_3,5,23.84385458668008,Customer_68
2023-04-05,Product_8,4,97.37961290569758,Customer_45
2023-07-28,Product_5,3,33.06269072556514,Customer_22
2023-02-16,Product_9,4,95.95219250732855,Customer_75
2023-09-15,Product_4,9,59.29390689398542,Customer_52
2023-05-24,Product_1,6,66.04901522733608,Customer_86
2023-09-04,Product_5,2,41.5976079476557,Customer_17
2023-11-20,Product_3,9,98.12790729713748,Customer_30
2023-07-28,Product_2,4,18.70141417376778,Customer_85
2023-03-18,Product_1,7,27.285747838614153,Customer_40
2023-11-06,Product_6,3,58.51969436587334,Customer_83
2023-12-07,Product_4,3,85.74509456524247,Customer_15
2023-06-28,Product_6,2,11.92023704383396,Customer_22
2023-04-13,Product_9,2,86.02699369307045,Customer_13
2023-03-09,Product_10,7,14.569555188408623,Customer_23
2023-12-14,Product_3,3,19.886983714439012,Customer_14
2023-04-07,Product_5,7,74.57298220075646,Customer_24
2023-01-04,Product_10,6,12.142016679932109,Customer_17
2023-01-21,Product_4,4,90.35526358009722,Customer_66
2023-07-02,Product_9,9,50.98599750667803,Customer_35
2023-03-01,Product_2,8,71.6597796143175,Customer_7
2023-11-15,Product_4,5,26.852723587252964,Customer_15
2023-07-22,Product_9,7,45.379144877198605,Customer_94
2023-07-04,Product_5,5,21.611671603591418,Customer_62
2023-04-01,Product_2,10,58.68143775179716,Customer_13
2023-02-17,Product_8,9,97.16504445692942,Customer_7
2023-02-18,Product_1,8,61.6284810768346,Customer_63
2023-05-10,Product_8,4,43.55154649514683,Customer_48
2023-01-18,Product_9,8,98.99743159982921,Customer_13
2023-03-05,Product_4,5,36.55475837050433,Customer_66
2023-04-04,Product_4,10,20.281917007946063,Customer_100
2023-07-16,Product_5,7,93.25352128990565,Customer_4
2023-01-20,Product_2,4,67.18258120615008,Customer_91
2023-08-12,Product_3,2,39.90038437375877,Customer_55
2023-12-27,Product_3,2,28.106132884000964,Customer_41
2023-11-09,Product_3,1,19.655414387590902,Customer_33
2023-05-27,Product_6,6,57.84176397326183,Customer_79
2023-04-12,Product_1,2,90.97658321924581,Customer_59
2023-06-21,Product_6,7,27.174206132752946,Customer_17
2023-06-25,Product_7,3,93.9257519498939,Customer_12
2023-07-09,Product_2,8,38.146152988610716,Customer_86
2023-10-14,Product_10,7,25.620895546339156,Customer_14
2023-11-01,Product_3,8,24.03395880521264,Customer_79
2023-09-18,Product_9,5,50.95200956702427,Customer_63
2023-11-10,Product_7,9,30.550376200699528,Customer_41
2023-10-05,Product_1,5,20.97992500516432,Customer_79
2023-09-06,Product_3,3,42.03592136439873,Customer_33
2023-04-27,Product_6,5,72.87295683529746,Customer_31
2023-03-11,Product_1,4,42.1915609397042,Customer_57
2023-03-18,Product_10,10,29.470342929142166,Customer_26
2023-02-10,Product_4,7,37.17293269680339,Customer_16
2023-07-03,Product_6,2,42.078709119742655,Customer_99
2023-11-27,Product_6,4,55.508148397344506,Customer_83
2023-02-20,Product_1,4,78.03401725393991,Customer_11
2023-03-14,Product_7,9,33.40227731006392,Customer_62
2023-01-01,Product_10,4,62.46051456374602,Customer_34
2023-02-15,Product_2,1,16.537608997387338,Customer_2
2023-03-11,Product_4,1,44.17232514753462,Customer_20
2023-06-24,Product_2,9,42.749762138082005,Customer_81
2023-07-25,Product_4,3,80.17231207912613,Customer_100
2023-02-09,Product_2,2,38.48526176350353,Customer_43
2023-10-17,Product_1,4,86.86240954321315,Customer_56
2023-11-27,Product_10,7,49.90214645238956,Customer_67
2023-12-01,Product_3,9,43.882854097060175,Customer_26
2023-05-20,Product_7,5,35.61204859833069,Customer_11
2023-07-12,Product_2,7,40.20552369077356,Customer_97
2023-08-21,Product_6,7,54.43160078080942,Customer_16
2023-08-28,Product_10,6,65.62547855601183,Customer_95
2023-02-19,Product_6,10,10.559061878871672,Customer_47
2023-07-19,Product_2,5,95.70362938374588,Customer_84
2023-03-09,Product_4,7,75.5525461627555,Customer_72
2023-07-13,Product_9,4,54.003113184726395,Customer_54
2023-09-11,Product_4,5,60.27730581573065,Customer_46
2023-06-03,Product_5,1,32.89365269314696,Customer_80
2023-09-16,Product_1,10,61.045797819240846,Customer_98
2023-08-07,Product_10,1,90.41270340908913,Customer_24
2023-12-23,Product_4,2,36.500556827320096,Customer_23
2023-02-22,Product_8,9,32.52603167177466,Customer_79
2023-09-18,Product_1,3,39.40971030424261,Customer_61
2023-09-14,Product_10,2,98.30532215169933,Customer_65
2023-02-16,Product_7,9,28.867773026961473,Customer_44
2023-04-15,Product_1,4,59.6668695526605,Customer_94
2023-08-10,Product_9,10,53.18755197516004,Customer_37
2023-03-11,Product_3,5,34.989444725720176,Customer_83
2023-07-25,Product_10,7,92.68370328849973,Customer_24
2023-06-15,Product_1,3,77.33633597297327,Customer_10
2023-07-10,Product_5,3,86.22872866415834,Customer_47
2023-08-02,Product_3,6,35.29170697849318,Customer_34
2023-09-20,Product_9,8,46.04125418974254,Customer_92
2023-03-01,Product_7,9,59.63244730912693,Customer_67
2023-04-08,Product_7,9,83.22076446128033,Customer_99
2023-11-26,Product_1,6,39.036096147556265,Customer_6
2023-06-07,Product_9,5,71.95084594604444,Customer_57
2023-02-07,Product_5,3,69.25205770454556,Customer_4
2023-03-16,Product_3,6,62.800402512182615,Customer_7
2023-09-05,Product_7,10,64.34758852738435,Customer_45
2023-06-25,Product_3,1,64.51219364160777,Customer_75
2023-01-08,Product_7,4,49.990198362951865,Customer_54
2023-12-12,Product_9,10,82.74052730288192,Customer_78
2023-05-26,Product_8,1,70.90435287480136,Customer_79
2023-12-15,Product_10,1,96.77009798883813,Customer_57
2023-08-27,Product_1,9,16.89675543983402,Customer_15
2023-01-23,Product_4,10,98.40032122051556,Customer_35
2023-05-20,Product_7,6,68.6767947742672,Customer_39
2023-01-10,Product_4,1,80.67842451231532,Customer_3
2023-01-18,Product_4,4,68.51234858036526,Customer_100
2023-12-07,Product_6,6,97.45790086661657,Customer_58
2023-06-01,Product_5,5,25.400883381814907,Customer_2
2023-01-28,Product_10,8,25.526701496864323,Customer_62
2023-11-22,Product_1,3,84.4995972557826,Customer_11
2023-03-23,Product_8,1,70.58928518134812,Customer_9
2023-05-01,Product_2,2,13.713257292648521,Customer_45
2023-05-27,Product_2,7,27.30582147594198,Customer_2
2023-03-12,Product_7,4,51.01630586518083,Customer_39
2023-12-11,Product_4,2,27.96444364477166,Customer_13
2023-09-15,Product_5,7,53.813482593215454,Customer_81
2023-07-17,Product_7,5,94.44803862867126,Customer_58
2023-09-07,Product_9,1,21.707647809503285,Customer_32
2023-04-09,Product_1,3,95.210839027463,Customer_25
2023-05-27,Product_5,9,11.431885075742708,Customer_26
2023-06-24,Product_6,6,42.915084572746984,Customer_82
2023-04-07,Product_8,3,70.69725607062675,Customer_99
2023-07-20,Product_7,4,57.09843651652175,Customer_95
2023-10-17,Product_1,5,21.068542866651427,Customer_41
2023-10-19,Product_7,8,29.25240621997838,Customer_76
2023-10-19,Product_1,5,49.43182377357283,Customer_39
2023-11-11,Product_5,7,18.07829638770459,Customer_18
2023-04-19,Product_5,2,12.347579800125219,Customer_89
2023-11-10,Product_6,2,87.94157705666058,Customer_86
2023-07-27,Product_8,9,74.1964065034573,Customer_62
2023-07-17,Product_9,10,39.6461994132398,Customer_69
2023-01-07,Product_10,5,67.23470027109322,Customer_97
2023-05-09,Product_10,2,39.60293409824118,Customer_53
2023-09-01,Product_2,7,75.24118431623351,Customer_74
2023-02-27,Product_9,8,62.41106744619273,Customer_91
2023-12-08,Product_3,6,56.250439294122145,Customer_15
2023-01-18,Product_2,5,37.79103727255591,Customer_48
2023-11-17,Product_5,3,89.71381738075014,Customer_29
2023-03-26,Product_4,6,78.38625513230829,Customer_65
2023-03-27,Product_9,1,47.83933158934958,Customer_76
2023-04-27,Product_9,9,48.894549007056334,Customer_64
2023-12-10,Product_5,1,55.33145098579298,Customer_65
2023-08-23,Product_8,7,15.498751320170456,Customer_50
2023-08-02,Product_1,3,19.921859458538407,Customer_69
2023-11-23,Product_8,1,80.03248912150501,Customer_13
2023-04-01,Product_2,9,79.79454698806258,Customer_59
2023-02-24,Product_6,9,21.41394454968023,Customer_35
2023-02-22,Product_9,5,94.43391444203607,Customer_43
2023-08-23,Product_9,1,57.5584105347331,Customer_15
2023-01-19,Product_7,10,91.8190365602335,Customer_67
2023-12-08,Product_2,10,87.18092349560528,Customer_17
2023-10-12,Product_3,9,69.87211292251193,Customer_95
2023-08-04,Product_6,3,91.40035657343041,Customer_88
2023-09-11,Product_1,7,83.72093694825813,Customer_22
2023-01-08,Product_10,4,75.20230774322724,Customer_41
2023-11-10,Product_10,10,36.9891780217102,Customer_18
2023-04-09,Product_6,6,69.63873342033301,Customer_24
2023-06-07,Product_4,3,85.91529016308056,Customer_34
2023-12-02,Product_9,8,21.6687400451749,Customer_35
2023-06-22,Product_9,4,32.464563752016275,Customer_10
2023-11-16,Product_8,7,52.69255576978603,Customer_49
2023-08-10,Product_5,6,98.69773113033666,Customer_35
2023-02-04,Product_8,5,37.66535416218198,Customer_7
2023-03-11,Product_8,5,18.000055864676487,Customer_100
2023-01-07,Product_7,7,26.333062211719103,Customer_52
2023-02-04,Product_5,6,46.6926289761794,Customer_35
2023-10-05,Product_6,6,76.94677632357411,Customer_45
2023-06-22,Product_2,4,15.640233925604786,Customer_87
2023-09-13,Product_6,8,37.165686102199345,Customer_95
2023-09-19,Product_8,8,27.107795553378896,Customer_67
2023-04-21,Product_6,4,28.69883775452112,Customer_39
2023-01-17,Product_7,5,45.65231925472451,Customer_83
2023-03-06,Product_10,4,53.66340497887426,Customer_85
2023-08-27,Product_6,9,96.22620373360019,Customer_45
2023-08-28,Product_9,6,72.14809411072027,Customer_89
2023-10-24,Product_5,6,58.92188647557111,Customer_74
2023-04-23,Product_8,6,24.19412323658149,Customer_80
2023-09-13,Product_9,6,30.946719534751264,Customer_70
2023-09-09,Product_3,10,87.43382710494953,Customer_10
2023-12-06,Product_7,7,10.56962459114012,Customer_35
2023-06-03,Product_3,6,89.56699809733239,Customer_74
2023-01-08,Product_9,7,20.546124368447934,Customer_72
2023-05-27,Product_3,3,31.81038600549903,Customer_67
2023-07-11,Product_2,8,88.92550512499295,Customer_33
2023-01-22,Product_10,2,47.19085717384183,Customer_52
2023-02-22,Product_1,4,72.30731966273528,Customer_49
2023-10-04,Product_3,6,70.53400385277573,Customer_22
2023-12-03,Product_9,6,94.05597884964081,Customer_24
2023-02-24,Product_9,8,33.781537798127175,Customer_49
2023-12-28,Product_1,4,67.68379869023991,Customer_99
2023-08-20,Product_3,10,56.681022717681074,Customer_45
2023-01-21,Product_3,10,57.65180424518819,Customer_81
2023-03-10,Product_1,9,82.11395516769305,Customer_50
2023-02-18,Product_2,6,60.11748390087284,Customer_41
2023-12-06,Product_2,10,38.38980849929718,Customer_60
2023-10-04,Product_6,4,12.819353922196383,Customer_42
2023-10-18,Product_9,3,36.77807423151759,Customer_29
2023-08-27,Product_4,6,68.35118131709072,Customer_3
2023-10-23,Product_6,10,93.42452028815441,Customer_50
2023-04-01,Product_3,4,63.6332614973275,Customer_95
2023-12-07,Product_8,7,87.95922121611206,Customer_21
2023-11-08,Product_10,6,56.281059823430866,Customer_43
2023-01-24,Product_9,10,10.732074317872545,Customer_47
2023-03-05,Product_1,10,33.968418930617105,Customer_60
2023-10-17,Product_3,1,18.999373153534723,Customer_66
2023-04-25,Product_2,2,36.02097590927574,Customer_21
2023-11-03,Product_4,9,54.141348226601096,Customer_63
2023-09-21,Product_6,2,53.905382885701336,Customer_96
2023-10-19,Product_8,7,57.63489508927309,Customer_41
2023-06-20,Product_8,2,66.82962563621776,Customer_58
2023-11-03,Product_6,4,23.355474667128604,Customer_22
2023-08-19,Product_8,9,75.28662658013667,Customer_28
2023-03-17,Product_10,8,70.42453821961081,Customer_34
2023-08-14,Product_10,3,69.85818426685265,Customer_48
2023-01-16,Product_8,10,45.21823643667958,Customer_90
2023-11-04,Product_4,3,52.349592355483026,Customer_77
2023-01-08,Product_10,5,16.84349634105594,Customer_11
2023-04-15,Product_2,10,59.87364151767048,Customer_66
2023-03-03,Product_7,4,60.03643690194791,Customer_71
2023-11-03,Product_1,9,86.40664373699084,Customer_47
2023-01-02,Product_7,5,53.674266040947806,Customer_22
2023-09-12,Product_1,8,35.675595534577184,Customer_43
2023-04-17,Product_8,5,92.80272612086468,Customer_41
2023-07-01,Product_4,10,20.951254785855294,Customer_82
2023-05-15,Product_8,10,82.85771581338165,Customer_93
2023-11-12,Product_2,5,95.91032850051539,Customer_67
2023-02-21,Product_2,5,76.12190887699774,Customer_68
2023-06-28,Product_8,2,32.06745288382477,Customer_14
2023-05-11,Product_6,5,82.18068507923415,Customer_76
2023-05-07,Product_2,7,72.13240570227464,Customer_20
2023-05-05,Product_10,3,74.86975005317095,Customer_17
2023-01-08,Product_9,10,49.86400084745789,Customer_43
2023-11-20,Product_4,6,28.851314444788734,Customer_46
2023-02-04,Product_2,8,38.34765588551073,Customer_36
2023-12-20,Product_5,4,78.3899368389206,Customer_47
2023-05-07,Product_9,8,50.11711862483995,Customer_62
2023-12-11,Product_10,1,96.2252520587742,Customer_87
2023-08-20,Product_9,4,66.65492564119266,Customer_9
2023-07-01,Product_3,9,51.54846666181761,Customer_84
2023-11-18,Product_4,7,91.01960075840674,Customer_6
2023-02-28,Product_7,9,23.867125743297873,Customer_12
2023-07-07,Product_9,8,78.01919110788899,Customer_93
2023-12-07,Product_8,2,99.22811242516963,Customer_86
2023-05-25,Product_1,5,60.32333610666372,Customer_100
2023-12-06,Product_5,1,24.18636448258827,Customer_60
2023-08-08,Product_2,10,31.1870881528983,Customer_6
2023-07-24,Product_1,1,15.240638849510837,Customer_12
2023-01-08,Product_9,1,40.03728217628759,Customer_100
2023-12-19,Product_6,6,28.66518850424356,Customer_60
2023-07-17,Product_5,6,31.323478835361374,Customer_86
2023-01-15,Product_1,10,42.141782434874195,Customer_72
2023-06-02,Product_9,9,12.297094327785173,Customer_65
2023-05-11,Product_2,3,59.575253398514654,Customer_24
2023-08-28,Product_10,1,80.81932388058125,Customer_95
2023-12-17,Product_5,1,32.14141000977048,Customer_5
2023-12-03,Product_6,3,73.90510927784166,Customer_65
2023-09-17,Product_3,3,66.95509253124888,Customer_78
2023-12-20,Product_5,6,16.02038805498995,Customer_7
2023-02-05,Product_9,7,95.3602278849688,Customer_34
2023-12-05,Product_6,6,21.941732460207326,Customer_79
2023-03-03,Product_1,1,67.61912746704766,Customer_64
2023-06-28,Product_7,3,48.83645343292956,Customer_56
2023-09-05,Product_1,5,83.59363791453617,Customer_72
2023-04-23,Product_3,8,26.332799778639455,Customer_12
2023-07-12,Product_6,10,71.78616656553105,Customer_62
2023-03-12,Product_6,8,47.922730369416406,Customer_76
2023-05-15,Product_7,5,71.45613534691431,Customer_17
2023-07-19,Product_4,4,59.810255655956844,Customer_77
2023-08-05,Product_1,6,17.3089105658178,Customer_95
2023-12-20,Product_5,1,28.1424620891009,Customer_9
2023-10-25,Product_2,2,87.0793030922302,Customer_64
2023-10-01,Product_7,1,62.70055338211206,Customer_10
2023-07-18,Product_2,7,52.256115912228196,Customer_12
2023-07-25,Product_5,2,87.29894365424607,Customer_85
2023-02-26,Product_6,5,25.93890492786434,Customer_83
2023-05-02,Product_6,1,85.80360081465174,Customer_69
2023-01-14,Product_1,5,29.23078514954368,Customer_84
2023-12-27,Product_9,4,82.61114564260606,Customer_47
2023-10-20,Product_3,3,98.99591578936146,Customer_7
2023-12-07,Product_9,2,39.58479155104173,Customer_79
2023-09-21,Product_8,9,45.93492304137032,Customer_25
2023-09-17,Product_6,9,47.767784911849155,Customer_46
2023-02-05,Product_10,8,80.20216796800896,Customer_53
2023-08-19,Product_9,9,48.728663002186906,Customer_54
2023-08-13,Product_6,10,81.54066833678102,Customer_54
2023-06-01,Product_9,9,13.852220523750626,Customer_50
2023-08-22,Product_5,5,51.46646524123784,Customer_11
2023-07-04,Product_4,2,55.40115767639461,Customer_4
2023-11-06,Product_6,10,56.76394558431425,Customer_86
2023-03-16,Product_10,1,63.555989360115696,Customer_33
2023-04-07,Product_3,1,83.56811434464198,Customer_96
2023-11-05,Product_7,2,91.10849568676153,Customer_81
2023-02-06,Product_10,9,86.74122944551894,Customer_86
2023-06-05,Product_7,9,33.85486714038928,Customer_91
2023-04-02,Product_1,6,34.99871340772538,Customer_77
2023-09-17,Product_7,3,42.70385761319301,Customer_62
2023-06-09,Product_1,8,11.585612403939502,Customer_55
2023-08-17,Product_8,6,79.54430000993204,Customer_42
2023-02-20,Product_1,9,89.15905201445652,Customer_38
2023-12-09,Product_3,3,44.88479674653805,Customer_47
2023-02-04,Product_1,3,99.06609283053706,Customer_40
2023-05-20,Product_9,10,12.726727445288839,Customer_80
2023-03-28,Product_1,8,66.1093297369552,Customer_29
2023-04-19,Product_1,2,68.02424668615114,Customer_49
2023-04-24,Product_2,4,82.78131071865769,Customer_87
2023-06-26,Product_10,10,94.39339001989345,Customer_77
2023-09-28,Product_2,7,15.27875392186719,Customer_52
2023-09-25,Product_10,1,96.55201623936779,Customer_54
2023-12-19,Product_9,7,17.39730539054471,Customer_26
2023-11-24,Product_8,8,95.54827190487504,Customer_78
2023-05-01,Product_8,3,18.806045092574898,Customer_61
2023-08-17,Product_2,9,29.01849937503843,Customer_93
2023-07-08,Product_1,7,64.30999712632878,Customer_49
2023-08-07,Product_10,4,67.64920142380896,Customer_93
2023-04-25,Product_10,10,97.96369280153979,Customer_48
2023-10-27,Product_10,4,22.05126491002187,Customer_55
2023-06-18,Product_2,6,37.90119123881945,Customer_99
2023-08-28,Product_8,4,69.07031091165672,Customer_44
2023-07-21,Product_5,5,65.97152965071751,Customer_65
2023-04-11,Product_2,3,16.692716187922063,Customer_92
2023-01-22,Product_7,9,79.32937279884167,Customer_90
2023-06-02,Product_5,1,90.99865316912441,Customer_26
2023-08-08,Product_9,9,85.94747324702554,Customer_33
2023-10-27,Product_8,3,89.27127327399178,Customer_23
2023-01-23,Product_2,3,80.7734477776426,Customer_60
2023-03-16,Product_10,2,14.81031696677873,Customer_12
2023-02-04,Product_4,6,17.767560660516747,Customer_18
2023-12-02,Product_1,9,92.34893777448596,Customer_91
2023-03-01,Product_3,3,21.200968032709653,Customer_80
2023-02-06,Product_9,4,83.61005237598114,Customer_1
2023-05-05,Product_2,10,55.80113214836688,Customer_62
2023-02-24,Product_6,7,38.9578705963865,Customer_46
2023-05-10,Product_7,3,98.321929008221,Customer_63
2023-10-07,Product_4,3,88.18174809160054,Customer_19
2023-04-08,Product_1,1,77.03396699518,Customer_49
2023-07-16,Product_4,8,49.05172500702648,Customer_25
2023-03-25,Product_3,6,27.435672247274358,Customer_58
2023-02-04,Product_3,8,97.17602498084847,Customer_41
2023-12-09,Product_10,10,23.629382162247225,Customer_100
2023-08-19,Product_4,3,95.45503887014667,Customer_24
2023-09-12,Product_5,2,66.79218606046699,Customer_92
2023-08-01,Product_3,4,13.2600838226433,Customer_23
2023-04-11,Product_5,8,39.578404448066216,Customer_55
2023-11-09,Product_6,1,70.89960646575099,Customer_3
2023-08-08,Product_3,1,77.81467950315385,Customer_99
2023-08-04,Product_10,9,35.279034705461086,Customer_40
2023-02-14,Product_2,4,14.655912651904071,Customer_46
2023-05-14,Product_2,10,18.206842083669446,Customer_55
2023-02-22,Product_6,10,13.101348363986109,Customer_59
2023-01-16,Product_5,6,94.28175342222553,Customer_52
2023-10-03,Product_2,4,27.664529669121634,Customer_86
2023-03-03,Product_6,9,83.94387363899737,Customer_62
2023-10-18,Product_10,2,13.046365101261644,Customer_64
2023-10-16,Product_3,8,76.39486610033866,Customer_27
2023-01-23,Product_7,3,73.99939345180397,Customer_52
2023-11-12,Product_3,8,82.78950943624858,Customer_32
2023-02-19,Product_4,10,74.69191599990788,Customer_18
2023-08-21,Product_4,7,55.965925429441384,Customer_34
2023-02-10,Product_3,8,38.08249087754119,Customer_20
2023-04-25,Product_3,2,21.442330958923385,Customer_92
2023-01-02,Product_3,1,26.1482433447685,Customer_53
2023-05-20,Product_6,7,16.311912321450823,Customer_46
2023-05-25,Product_7,9,72.22629306240466,Customer_27
2023-08-04,Product_9,6,93.60580264357517,Customer_59
2023-12-03,Product_6,7,44.72538577750532,Customer_51
2023-10-18,Product_4,5,87.65337705206491,Customer_92
2023-08-05,Product_5,9,12.123576155179105,Customer_100
2023-10-20,Product_6,7,45.3456182856203,Customer_81
2023-06-09,Product_10,1,40.03523484195055,Customer_20
2023-06-16,Product_6,9,99.85147574028095,Customer_63
2023-09-22,Product_3,6,41.18603786195234,Customer_32
2023-03-15,Product_10,4,72.76585920078773,Customer_3
2023-12-10,Product_10,9,15.452221802351712,Customer_72
2023-08-08,Product_8,10,87.90491459362977,Customer_48
2023-01-23,Product_2,4,20.167951963227456,Customer_38
2023-03-21,Product_8,10,72.7384073595889,Customer_47
2023-03-17,Product_2,9,46.02528852047241,Customer_86
2023-01-25,Product_4,1,32.160750260586724,Customer_2
2023-08-11,Product_5,2,50.430145847602134,Customer_31
2023-07-13,Product_1,8,56.01705289803988,Customer_85
2023-11-21,Product_9,9,88.36080553631021,Customer_70
2023-10-15,Product_2,1,65.80674949100394,Customer_84
2023-08-24,Product_5,8,34.26874468756324,Customer_99
2023-04-20,Product_5,1,25.43136261164903,Customer_8
2023-01-07,Product_8,2,35.0386749313363,Customer_73
2023-03-16,Product_3,5,49.954582360167386,Customer_50
2023-01-15,Product_6,4,26.135423260013276,Customer_41
2023-05-24,Product_5,7,11.397045480199925,Customer_89
2023-05-13,Product_8,4,10.415082894209638,Customer_68
2023-05-13,Product_7,1,70.64589786434968,Customer_14
2023-04-22,Product_1,9,51.26660316614253,Customer_69
2023-05-23,Product_3,8,84.10390467900719,Customer_89
2023-09-05,Product_9,8,68.85104166292231,Customer_64
2023-12-28,Product_1,6,34.796058952870325,Customer_29
2023-08-12,Product_7,10,64.0451005468367,Customer_39
2023-01-18,Product_8,6,78.44429218612147,Customer_83
2023-05-17,Product_7,5,95.57861785703835,Customer_21
2023-03-08,Product_3,2,64.29572883860176,Customer_74
2023-07-04,Product_5,5,92.71620616680318,Customer_9
2023-12-13,Product_9,8,86.98288208455365,Customer_94
2023-11-10,Product_4,2,62.64817245310399,Customer_29
2023-04-22,Product_7,9,11.464169775704354,Customer_40
2023-06-01,Product_10,5,68.26344669370559,Customer_56
2023-02-28,Product_4,8,64.08220121870963,Customer_95
2023-10-05,Product_6,4,17.030858212056952,Customer_6
2023-02-09,Product_3,4,43.542745958173526,Customer_65
2023-06-14,Product_6,2,51.1609679701599,Customer_92
2023-06-25,Product_10,4,57.19489551645276,Customer_49
2023-12-12,Product_5,2,46.6465234766305,Customer_64
2023-06-02,Product_6,5,31.904437230416804,Customer_85
2023-04-25,Product_4,2,63.06623479173547,Customer_14
2023-05-16,Product_2,1,89.667897773574,Customer_45
2023-05-17,Product_4,10,78.51456065418043,Customer_95
2023-04-06,Product_4,2,88.05518365647472,Customer_9
2023-04-13,Product_9,7,39.69653131078306,Customer_36
2023-05-21,Product_7,5,29.171898648843023,Customer_62
2023-05-11,Product_1,2,60.06791403130078,Customer_92
2023-07-15,Product_10,3,57.02391916556085,Customer_12
2023-12-21,Product_9,8,48.06041333143424,Customer_37
2023-10-07,Product_9,5,43.85882312941046,Customer_37
2023-02-02,Product_6,1,85.64684239302133,Customer_49
2023-05-09,Product_5,2,16.073876208136515,Customer_59
2023-12-02,Product_1,8,41.146912754013826,Customer_46
2023-10-26,Product_3,7,40.07682365401992,Customer_64
2023-02-04,Product_1,3,54.24040958997394,Customer_92
2023-09-21,Product_8,9,84.48411994160675,Customer_2
2023-08-04,Product_5,10,76.328589386553,Customer_66
2023-08-18,Product_7,2,81.18036248198023,Customer_20
2023-07-17,Product_2,4,88.86297235928807,Customer_87
2023-09-04,Product_8,2,54.31125819463802,Customer_100
2023-05-03,Product_1,3,52.87148028224743,Customer_79
2023-05-16,Product_8,10,92.12092983794102,Customer_39
2023-12-01,Product_9,9,90.16994810551857,Customer_77
2023-12-01,Product_9,6,17.728162458191658,Customer_61
2023-02-02,Product_8,9,94.73992336145497,Customer_87
2023-10-05,Product_8,10,47.22997174572933,Customer_73
2023-11-24,Product_6,6,97.68022452552849,Customer_84
2023-03-21,Product_3,5,64.20218182830234,Customer_26
2023-02-26,Product_6,8,45.3190699560469,Customer_9
2023-03-11,Product_7,8,49.691842083122886,Customer_10
2023-06-16,Product_9,1,13.584655100502482,Customer_18
2023-09-23,Product_4,4,24.004147677915373,Customer_15
2023-09-15,Product_9,8,36.02454492367226,Customer_45
2023-01-26,Product_8,8,22.72573604667593,Customer_77
2023-02-20,Product_1,4,43.42345950858413,Customer_43
2023-01-22,Product_1,2,97.85639250428717,Customer_63
2023-09-06,Product_3,4,67.28055688708258,Customer_67
2023-01-22,Product_3,9,13.09231848990457,Customer_66
2023-07-21,Product_6,5,44.81406701766979,Customer_17
2023-10-03,Product_7,7,21.552966984435542,Customer_85
2023-06-17,Product_2,10,14.795968189029606,Customer_34
2023-09-06,Product_7,2,88.59588698963387,Customer_64
2023-02-10,Product_6,4,70.84836950994853,Customer_59
2023-05-13,Product_4,3,87.63884054156286,Customer_34
2023-10-16,Product_6,1,74.34591118297213,Customer_75
2023-12-08,Product_9,3,82.5312925356016,Customer_14
2023-02-15,Product_8,8,77.8842672037635,Customer_30
2023-07-26,Product_7,3,29.899579607538833,Customer_42
2023-03-25,Product_4,3,78.96439351283306,Customer_53
2023-07-03,Product_7,10,74.63221950862426,Customer_73
2023-09-17,Product_5,1,28.678439536791316,Customer_36
2023-07-11,Product_4,3,37.501979644581155,Customer_21
2023-03-09,Product_10,4,81.75833549145985,Customer_26
2023-10-11,Product_9,7,42.6210463892697,Customer_68
2023-03-17,Product_2,7,51.33124228585921,Customer_91
2023-07-04,Product_9,6,81.15516337136438,Customer_22
2023-02-13,Product_2,4,33.36722865987445,Customer_48
2023-10-04,Product_9,10,21.761430246676575,Customer_64
2023-10-24,Product_10,6,42.39895795168639,Customer_12
2023-08-18,Product_10,2,98.95301688675288,Customer_59
2023-02-18,Product_4,5,26.64812017248938,Customer_75
2023-01-27,Product_7,8,44.9569611274291,Customer_13
2023-11-05,Product_6,6,66.80823776551952,Customer_67
2023-11-19,Product_8,5,74.02394776038935,Customer_65
2023-09-17,Product_3,6,84.08968752215426,Customer_51
2023-07-05,Product_9,9,29.409579208190355,Customer_35
2023-01-04,Product_1,9,68.13832301622682,Customer_21
2023-08-28,Product_7,1,95.89538425698139,Customer_9
2023-11-01,Product_7,4,70.51514664004506,Customer_25
2023-12-26,Product_5,2,24.875718850521086,Customer_61
2023-12-19,Product_8,1,28.300303245084447,Customer_57
2023-04-24,Product_9,2,49.15186174037903,Customer_66
2023-12-09,Product_10,2,24.499622468565583,Customer_92
2023-12-13,Product_4,10,79.64027010420249,Customer_61
2023-08-14,Product_8,2,49.14343914540674,Customer_92
2023-08-19,Product_3,7,71.76790721686933,Customer_1
2023-04-24,Product_4,4,33.35546075963638,Customer_58
2023-03-05,Product_7,2,70.4474173770373,Customer_12
2023-11-11,Product_7,2,55.302058399114195,Customer_87
2023-12-06,Product_5,9,18.75481336989602,Customer_58
2023-02-05,Product_6,5,18.357431917857824,Customer_86
2023-02-13,Product_3,6,29.10929134425205,Customer_80
2023-02-22,Product_1,2,25.38780104946814,Customer_89
2023-11-14,Product_7,8,65.90124111573415,Customer_57
2023-07-01,Product_7,1,52.3204422216805,Customer_83
2023-11-18,Product_10,3,81.00519096749909,Customer_43
2023-04-02,Product_6,9,79.00817451897932,Customer_15
2023-07-18,Product_5,6,19.688219752464025,Customer_10
2023-04-23,Product_4,3,30.10908811858793,Customer_68
2023-08-02,Product_5,8,12.584432848949415,Customer_37
2023-06-12,Product_8,8,53.69789737845968,Customer_83
2023-12-22,Product_9,7,67.71936964175103,Customer_69
2023-05-09,Product_6,8,11.84353339999101,Customer_35
2023-10-22,Product_9,4,16.03509958082797,Customer_93
2023-10-28,Product_8,5,92.39491900019236,Customer_96
2023-05-05,Product_5,9,79.55883602094889,Customer_80
2023-04-24,Product_9,6,91.26802775972341,Customer_73
2023-07-20,Product_10,8,85.22556592570162,Customer_52
2023-04-11,Product_3,7,29.67970602751081,Customer_73
2023-01-23,Product_7,1,23.170096277269174,Customer_4
2023-07-21,Product_10,9,97.00495122405866,Customer_65
2023-05-19,Product_7,8,85.66578920909534,Customer_63
2023-11-25,Product_9,3,56.33223763095149,Customer_82
2023-12-27,Product_3,2,46.32470083365198,Customer_70
2023-10-19,Product_1,2,37.69948594180527,Customer_77
2023-02-27,Product_8,8,84.37967252183721,Customer_69
2023-01-22,Product_1,1,13.062863009971421,Customer_68
2023-08-08,Product_5,5,73.1516449760229,Customer_61
2023-09-12,Product_10,1,28.421648297328108,Customer_86
2023-10-07,Product_5,1,57.97439819999107,Customer_32
2023-06-09,Product_10,8,84.68517286259961,Customer_34
2023-11-06,Product_6,7,39.589396312614795,Customer_27
2023-06-15,Product_2,2,14.37375610270097,Customer_95
2023-09-08,Product_1,7,19.39926984192177,Customer_53
2023-09-22,Product_3,5,14.872154009577525,Customer_80
2023-06-24,Product_6,4,76.9308543412376,Customer_45
2023-06-10,Product_4,8,47.11824797581835,Customer_59
2023-03-12,Product_7,3,11.449023346838663,Customer_44
2023-02-22,Product_5,7,94.83442990706119,Customer_70
2023-05-20,Product_5,6,43.44569683986237,Customer_11
2023-09-20,Product_3,5,45.829078671026004,Customer_88
2023-11-14,Product_3,5,72.92448581439044,Customer_23
2023-02-17,Product_3,4,38.531310861793926,Customer_52
2023-02-08,Product_9,4,50.59069961175572,Customer_35
2023-12-23,Product_7,2,75.9863536890237,Customer_48
2023-02-23,Product_3,8,23.95463175775715,Customer_30
2023-09-12,Product_5,4,63.58696846897061,Customer_66
2023-04-23,Product_6,6,70.80751036451723,Customer_53
2023-04-25,Product_9,8,59.08259971709082,Customer_76
2023-02-13,Product_7,4,96.51644091221021,Customer_18
2023-06-21,Product_10,6,90.05492250533673,Customer_61
2023-02-28,Product_6,9,14.571349357950307,Customer_39
2023-06-26,Product_5,3,23.299376212605864,Customer_33
2023-12-08,Product_6,1,76.58836778865545,Customer_93
2023-05-10,Product_6,7,54.80203835037192,Customer_93
2023-02-24,Product_10,6,14.791470809279843,Customer_60
2023-11-28,Product_5,1,49.09668476648904,Customer_10
2023-10-15,Product_10,2,66.90493263478865,Customer_82
2023-10-16,Product_4,2,66.32981995808771,Customer_82
2023-12-15,Product_7,7,66.28721411283797,Customer_57
2023-08-11,Product_3,6,88.06313241172788,Customer_54
2023-02-16,Product_7,6,41.62194485476358,Customer_18
2023-08-27,Product_6,9,40.54131527747896,Customer_78
2023-01-15,Product_1,4,86.72301637056835,Customer_80
2023-03-12,Product_7,6,93.47351291224103,Customer_89
2023-11-08,Product_9,2,74.68488350948986,Customer_39
2023-11-20,Product_6,2,42.958112341149004,Customer_31
2023-10-06,Product_6,3,19.334129269993458,Customer_47
2023-10-19,Product_10,6,69.77639513526952,Customer_61
2023-04-25,Product_1,10,43.95078881158521,Customer_4
2023-05-05,Product_2,5,63.184369247507966,Customer_12
2023-09-04,Product_1,8,34.88798036719298,Customer_64
2023-06-03,Product_10,8,77.02508895015538,Customer_60
2023-02-21,Product_5,2,16.322921472821065,Customer_13
2023-11-24,Product_4,4,69.68856869628306,Customer_50
2023-12-04,Product_2,10,11.42492390420174,Customer_79
2023-10-20,Product_9,8,52.460887422159445,Customer_31
2023-11-10,Product_8,7,24.84506198739093,Customer_24
2023-08-28,Product_7,3,15.389358955661688,Customer_85
2023-07-28,Product_6,9,88.82876915888778,Customer_65
2023-02-10,Product_3,6,17.410246942647056,Customer_35
2023-12-08,Product_8,4,14.618126601509774,Customer_45
2023-11-17,Product_1,9,35.25139359760291,Customer_45
2023-07-25,Product_5,5,41.678055611268654,Customer_79
2023-06-05,Product_2,8,94.05235866191661,Customer_47
2023-04-11,Product_1,5,94.77329361954824,Customer_57
2023-11-04,Product_5,9,27.4813683815965,Customer_40
2023-09-11,Product_1,6,43.308503426166446,Customer_35
2023-09-10,Product_6,10,24.39808304962257,Customer_90
2023-02-18,Product_4,8,52.09696221794829,Customer_39
2023-12-20,Product_1,6,23.98784708679792,Customer_71
2023-04-13,Product_6,5,60.55705765615791,Customer_50
2023-12-02,Product_3,5,77.12176280013202,Customer_40
2023-03-15,Product_4,10,78.96250659371842,Customer_74
2023-07-15,Product_2,3,55.85825338066912,Customer_55
2023-03-26,Product_7,8,74.46717395261686,Customer_22
2023-04-13,Product_8,10,50.30995446418502,Customer_40
2023-12-26,Product_4,4,84.02866012473231,Customer_85
2023-08-06,Product_4,8,50.52570163571661,Customer_56
2023-07-16,Product_9,5,96.69055722220187,Customer_49
2023-11-02,Product_8,5,73.67743456615642,Customer_5
2023-06-26,Product_5,2,73.52636079816816,Customer_77
2023-07-20,Product_5,2,84.78988448472649,Customer_72
2023-02-20,Product_5,7,72.14512259462381,Customer_73
2023-05-17,Product_9,1,67.80433944172194,Customer_85
2023-12-11,Product_9,1,17.926790646715567,Customer_88
2023-11-04,Product_6,1,68.66217444215187,Customer_2
2023-01-15,Product_1,2,47.314765004385684,Customer_72
2023-09-12,Product_3,8,23.753512350302035,Customer_73
2023-07-16,Product_5,6,74.9955125945534,Customer_54
2023-08-24,Product_8,4,73.33080527576772,Customer_2
2023-12-27,Product_4,2,22.077759450543077,Customer_62
2023-10-18,Product_8,4,25.343883018066222,Customer_49
2023-04-08,Product_4,5,89.59747118349243,Customer_18
2023-12-07,Product_2,10,42.08467279762528,Customer_86
2023-10-11,Product_3,5,27.567807571055035,Customer_44
2023-11-03,Product_1,6,51.42235928312694,Customer_2
2023-08-14,Product_2,6,61.377803979553924,Customer_60
2023-09-27,Product_10,9,12.397198511034535,Customer_70
2023-03-27,Product_2,1,58.79605179067125,Customer_38
2023-03-13,Product_8,3,42.95911661845186,Customer_65
2023-02-16,Product_4,3,54.8698750084796,Customer_21
2023-01-03,Product_4,4,86.70617413512684,Customer_91
2023-12-18,Product_7,9,29.2148931987225,Customer_77
2023-01-22,Product_9,7,56.467236742925714,Customer_24
2023-04-25,Product_2,1,76.37577880610827,Customer_11
2023-01-03,Product_3,1,55.15521306783925,Customer_28
2023-03-23,Product_7,6,49.61483686231559,Customer_54
2023-02-19,Product_6,3,76.65793770963735,Customer_22
2023-05-28,Product_9,6,17.820154933353606,Customer_47
2023-03-09,Product_1,5,58.647841347095415,Customer_82
2023-12-24,Product_9,2,49.980223276295575,Customer_75
2023-12-21,Product_2,7,24.735340863387854,Customer_62
2023-11-20,Product_3,4,35.31068500867545,Customer_56
2023-04-16,Product_1,6,21.46449989787427,Customer_5
2023-04-24,Product_7,10,40.610418164458935,Customer_44
2023-09-01,Product_10,3,65.73977394137643,Customer_96
2023-03-16,Product_8,1,50.973496230633195,Customer_100
2023-03-02,Product_4,7,32.406071878100015,Customer_17
2023-06-22,Product_5,6,38.587771025837455,Customer_16
2023-09-05,Product_4,5,33.63844880694422,Customer_88
2023-10-21,Product_10,2,23.970346972978593,Customer_94
2023-12-14,Product_1,9,43.70443002623014,Customer_3
2023-11-25,Product_8,2,30.09044304298367,Customer_93
2023-09-08,Product_10,1,90.49983811567732,Customer_5
2023-06-13,Product_8,1,85.60079262851592,Customer_64
2023-01-22,Product_7,2,48.23289656008577,Customer_80
2023-09-27,Product_9,10,82.17121120520247,Customer_97
2023-01-08,Product_10,9,78.42032177671594,Customer_99
2023-12-14,Product_6,7,48.119589156248445,Customer_93
2023-06-01,Product_4,5,22.371368881886806,Customer_92
2023-10-12,Product_5,3,18.32488790618839,Customer_16
2023-04-22,Product_7,3,58.91549786144765,Customer_77
2023-03-13,Product_2,10,15.603345918728497,Customer_82
2023-11-09,Product_10,2,61.32090149352363,Customer_54
2023-03-04,Product_4,1,86.00906275921731,Customer_48
2023-03-06,Product_6,8,57.9203503514307,Customer_35
2023-03-12,Product_9,6,22.984884229148058,Customer_1
2023-12-22,Product_3,2,55.50711088916188,Customer_33
2023-09-23,Product_7,10,75.59006161849375,Customer_34
2023-03-21,Product_5,3,71.24861945649768,Customer_79
2023-05-24,Product_8,6,43.14163799662245,Customer_13
2023-11-05,Product_9,4,38.51492460957818,Customer_5
2023-06-11,Product_1,1,16.49802718819764,Customer_22
2023-11-13,Product_2,8,74.24480954166468,Customer_90
2023-03-28,Product_4,6,72.86217007647572,Customer_52
2023-07-14,Product_9,1,69.06274305129078,Customer_49
2023-07-13,Product_6,10,15.73599695049364,Customer_77
2023-11-28,Product_7,8,90.48286717208302,Customer_3
2023-08-09,Product_2,10,94.14938586184995,Customer_74
2023-02-10,Product_9,9,72.01579010934138,Customer_81
2023-08-10,Product_7,4,96.64691507491344,Customer_86
2023-03-14,Product_3,5,96.6227509673221,Customer_27
2023-02-22,Product_9,3,46.456266734883755,Customer_63
2023-12-20,Product_10,4,99.36440760628923,Customer_87
2023-05-25,Product_10,3,72.02635313068656,Customer_56
2023-04-16,Product_4,2,73.70663274363949,Customer_93
2023-03-10,Product_8,9,90.66319930062149,Customer_4
2023-05-27,Product_8,3,76.93030755237379,Customer_67
2023-08-18,Product_7,2,15.91419718717966,Customer_2
2023-01-20,Product_9,8,78.69114343513944,Customer_82
2023-09-15,Product_1,1,60.89628346803087,Customer_29
2023-08-03,Product_5,4,22.015979178489747,Customer_17
2023-01-17,Product_5,4,64.44415837353716,Customer_32
2023-08-28,Product_4,2,23.92380430466742,Customer_36
2023-04-10,Product_6,7,60.71697846201218,Customer_83
2023-12-16,Product_7,9,36.60121841973056,Customer_68
2023-12-12,Product_1,10,27.519544809786268,Customer_77
2023-12-01,Product_9,9,14.936401790469438,Customer_3
2023-05-09,Product_8,5,49.280571332530236,Customer_71
2023-03-03,Product_10,9,68.48619281431915,Customer_95
2023-09-03,Product_6,5,76.95738232120445,Customer_96
2023-02-07,Product_9,8,13.577625822201075,Customer_31
2023-07-27,Product_8,8,82.15937280921091,Customer_96
2023-12-01,Product_6,9,60.93263688210624,Customer_41
2023-04-16,Product_1,1,95.72142832131804,Customer_52
2023-01-19,Product_4,3,83.66025919516558,Customer_22
2023-05-15,Product_10,6,53.093739318829776,Customer_88
2023-12-22,Product_2,9,79.23104765139972,Customer_12
2023-12-02,Product_3,2,72.52422797791434,Customer_63
2023-01-13,Product_5,9,29.631381054357757,Customer_62
2023-07-13,Product_3,3,26.3540887121875,Customer_47
2023-07-21,Product_2,1,65.01375229863444,Customer_38
2023-03-22,Product_9,2,53.31064866420302,Customer_85
2023-08-02,Product_1,5,41.016765608995314,Customer_57
2023-06-03,Product_6,4,91.2435158004215,Customer_79
2023-02-06,Product_6,9,41.911996520267564,Customer_3
2023-03-13,Product_4,4,93.05622326503442,Customer_93
2023-10-12,Product_9,8,50.55094224559548,Customer_7
2023-01-17,Product_6,4,58.97631287945896,Customer_90
2023-11-02,Product_9,2,87.87341179289936,Customer_36
2023-04-04,Product_9,10,84.95475126177787,Customer_29
2023-04-24,Product_2,10,53.313128315025516,Customer_9
2023-03-10,Product_1,8,92.73844268010485,Customer_12
2023-05-04,Product_5,1,81.86023453988814,Customer_59
2023-04-22,Product_2,5,69.87763229643393,Customer_20
2023-12-22,Product_4,2,58.9042389765882,Customer_50
2023-07-02,Product_1,4,62.18627955362029,Customer_97
2023-10-11,Product_5,6,84.56912640267164,Customer_42
2023-09-12,Product_10,1,50.73780937383754,Customer_96
2023-12-10,Product_6,5,76.1054743768832,Customer_22
2023-05-13,Product_8,7,35.63934274601645,Customer_5
2023-01-13,Product_10,3,26.68233388575184,Customer_92
2023-07-12,Product_10,4,13.465257140070415,Customer_14
2023-02-14,Product_7,6,95.27067844529826,Customer_73
2023-08-01,Product_4,9,20.140535245998628,Customer_54
2023-01-21,Product_2,5,20.50267707770404,Customer_22
2023-06-24,Product_1,2,59.701821440123105,Customer_96
2023-11-12,Product_5,10,46.563237700761995,Customer_64
2023-05-07,Product_6,4,43.449135161133086,Customer_63
2023-10-26,Product_3,9,28.381859242238384,Customer_43
2023-06-24,Product_8,4,42.172476672418654,Customer_25
2023-05-14,Product_5,3,49.15681011677653,Customer_98
2023-02-12,Product_10,1,72.91073259241104,Customer_13
2023-08-17,Product_4,8,90.55088018921923,Customer_37
2023-05-20,Product_4,3,64.3353164754667,Customer_73
2023-03-21,Product_3,6,19.18239186772255,Customer_62
2023-01-27,Product_7,4,41.94832284986629,Customer_27
2023-05-16,Product_5,8,11.342399603631154,Customer_55
2023-09-15,Product_1,4,39.15472526026315,Customer_18
2023-11-13,Product_1,9,95.69082191711705,Customer_61
2023-02-01,Product_10,8,20.028882339947284,Customer_41
2023-08-20,Product_3,1,70.48159979154653,Customer_23
2023-05-16,Product_7,1,59.450147136626406,Customer_36
2023-02-22,Product_9,3,49.06922996441888,Customer_52
2023-04-21,Product_3,5,89.33374488412355,Customer_13
2023-02-03,Product_8,1,32.94823053576978,Customer_5
2023-01-20,Product_8,10,88.52789294064276,Customer_63
2023-11-23,Product_10,1,34.74813670548845,Customer_65
2023-06-05,Product_8,7,96.91326227593937,Customer_41
2023-12-23,Product_4,7,88.94249826945513,Customer_62
2023-11-16,Product_9,4,45.207573044885436,Customer_73
2023-10-17,Product_2,10,44.96887341836274,Customer_72
2023-01-25,Product_8,5,55.36584305265747,Customer_71
2023-04-25,Product_4,8,17.670165231595103,Customer_31
2023-03-06,Product_8,2,35.46802100111997,Customer_49
2023-10-03,Product_3,2,60.12824142019809,Customer_87
2023-09-18,Product_7,8,25.455957394705123,Customer_91
2023-12-08,Product_4,10,19.320261118190256,Customer_6
2023-04-23,Product_7,5,35.832078361118434,Customer_40
2023-09-12,Product_5,2,10.2720536838488,Customer_43
2023-02-01,Product_10,4,82.18310192061185,Customer_56
2023-01-19,Product_2,8,43.69258756626878,Customer_18
2023-05-18,Product_5,1,51.628708237100525,Customer_10
2023-05-12,Product_8,9,96.50067143749735,Customer_69
2023-11-27,Product_1,9,65.89410750986747,Customer_83
2023-08-19,Product_8,1,87.93887956872074,Customer_93
2023-01-24,Product_3,8,14.690869167894157,Customer_4
2023-02-18,Product_2,5,48.0597252396837,Customer_18
2023-07-02,Product_5,9,29.775367989440454,Customer_14
2023-05-27,Product_5,4,29.034177747470366,Customer_46
2023-07-18,Product_1,6,96.45527040693246,Customer_23
2023-03-02,Product_1,10,68.45641859790433,Customer_19
2023-02-16,Product_6,4,89.01788376938579,Customer_2
2023-04-03,Product_4,5,99.45157774478069,Customer_75
2023-02-13,Product_5,10,33.79189338599077,Customer_10
2023-08-21,Product_5,3,75.56697300607135,Customer_9
2023-12-19,Product_3,2,25.480499298467105,Customer_37
2023-08-17,Product_9,10,16.759947843323495,Customer_77
2023-10-15,Product_5,4,25.729809304372736,Customer_12
2023-07-04,Product_7,9,92.87552260496693,Customer_61
2023-01-03,Product_6,6,21.330277538786607,Customer_7
2023-08-23,Product_7,9,24.28139891921749,Customer_32
2023-03-25,Product_5,6,84.32797156720058,Customer_97
2023-12-11,Product_2,10,26.156029820851415,Customer_3
2023-03-05,Product_4,6,45.29805052883678,Customer_98
2023-12-26,Product_9,4,54.83089395985285,Customer_32
2023-04-05,Product_4,2,86.7236012195452,Customer_85
2023-09-27,Product_10,10,44.46627949654297,Customer_5
2023-02-26,Product_6,1,19.314922669559195,Customer_78
2023-01-03,Product_2,2,56.23875593668079,Customer_49
2023-04-01,Product_9,9,87.02464476301131,Customer_94
2023-05-20,Product_5,5,45.961250289109714,Customer_58
2023-05-12,Product_5,2,25.300779117880957,Customer_57
2023-09-28,Product_8,3,44.82438146031519,Customer_32
2023-12-03,Product_8,5,49.714163599529805,Customer_21
2023-03-03,Product_3,9,73.05096728218044,Customer_97
2023-03-08,Product_1,5,90.75356092323496,Customer_90
2023-05-02,Product_2,10,98.46743024208186,Customer_16
2023-07-17,Product_9,10,89.59348266687022,Customer_60
2023-03-01,Product_1,7,91.7043586556106,Customer_71
2023-05-11,Product_5,4,25.395071664080216,Customer_71
